--
-- PostgreSQL database dump
--

\restrict 7XfF3V1LQW0agshN146vaX96pBaKTdqjdeBV9PjeIbs6dEQCCmTgbiWt3UCMOx3

-- Dumped from database version 16.13 (Ubuntu 16.13-0ubuntu0.24.04.1)
-- Dumped by pg_dump version 16.13 (Ubuntu 16.13-0ubuntu0.24.04.1)

SET statement_timeout = 0;
SET lock_timeout = 0;
SET idle_in_transaction_session_timeout = 0;
SET client_encoding = 'UTF8';
SET standard_conforming_strings = on;
SELECT pg_catalog.set_config('search_path', '', false);
SET check_function_bodies = false;
SET xmloption = content;
SET client_min_messages = warning;
SET row_security = off;

--
-- Name: public; Type: SCHEMA; Schema: -; Owner: barf_user
--

-- *not* creating schema, since initdb creates it


ALTER SCHEMA public OWNER TO barf_user;

--
-- Name: SCHEMA public; Type: COMMENT; Schema: -; Owner: barf_user
--

COMMENT ON SCHEMA public IS '';


SET default_tablespace = '';

SET default_table_access_method = heap;

--
-- Name: Cat; Type: TABLE; Schema: public; Owner: barf_user
--

CREATE TABLE public."Cat" (
    id text NOT NULL,
    name text NOT NULL,
    weight double precision NOT NULL,
    "userId" text NOT NULL
);


ALTER TABLE public."Cat" OWNER TO barf_user;

--
-- Name: Ingredient; Type: TABLE; Schema: public; Owner: barf_user
--

CREATE TABLE public."Ingredient" (
    id text NOT NULL,
    category text NOT NULL,
    name text NOT NULL,
    energy double precision DEFAULT 0 NOT NULL,
    protein double precision DEFAULT 0 NOT NULL,
    fat double precision DEFAULT 0 NOT NULL,
    water double precision DEFAULT 0 NOT NULL,
    carbohydrates double precision DEFAULT 0 NOT NULL,
    fiber double precision DEFAULT 0 NOT NULL,
    ash double precision DEFAULT 0 NOT NULL,
    calcium double precision DEFAULT 0 NOT NULL,
    phosphorus double precision DEFAULT 0 NOT NULL,
    magnesium double precision DEFAULT 0 NOT NULL,
    sodium double precision DEFAULT 0 NOT NULL,
    potassium double precision DEFAULT 0 NOT NULL,
    chloride double precision DEFAULT 0 NOT NULL,
    iron double precision DEFAULT 0 NOT NULL,
    zinc double precision DEFAULT 0 NOT NULL,
    copper double precision DEFAULT 0 NOT NULL,
    manganese double precision DEFAULT 0 NOT NULL,
    iodine double precision DEFAULT 0 NOT NULL,
    selenium double precision DEFAULT 0 NOT NULL,
    taurine double precision DEFAULT 0 NOT NULL,
    "vitaminA" double precision DEFAULT 0 NOT NULL,
    "vitaminD" double precision DEFAULT 0 NOT NULL,
    "vitaminE" double precision DEFAULT 0 NOT NULL,
    "vitaminK" double precision DEFAULT 0 NOT NULL,
    "vitaminB1" double precision DEFAULT 0 NOT NULL,
    "vitaminB2" double precision DEFAULT 0 NOT NULL,
    "vitaminB3" double precision DEFAULT 0 NOT NULL,
    "vitaminB5" double precision DEFAULT 0 NOT NULL,
    "vitaminB6" double precision DEFAULT 0 NOT NULL,
    "vitaminB7" double precision DEFAULT 0 NOT NULL,
    "vitaminB9" double precision DEFAULT 0 NOT NULL,
    "vitaminB12" double precision DEFAULT 0 NOT NULL,
    "vitaminC" double precision DEFAULT 0 NOT NULL,
    "omega6Linoleic" double precision DEFAULT 0 NOT NULL,
    "omega6Arachidonic" double precision DEFAULT 0 NOT NULL,
    description text
);


ALTER TABLE public."Ingredient" OWNER TO barf_user;

--
-- Name: MagazineStock; Type: TABLE; Schema: public; Owner: barf_user
--

CREATE TABLE public."MagazineStock" (
    id text NOT NULL,
    "ingredientId" text NOT NULL,
    amount double precision DEFAULT 0 NOT NULL,
    "userId" text NOT NULL
);


ALTER TABLE public."MagazineStock" OWNER TO barf_user;

--
-- Name: Recipe; Type: TABLE; Schema: public; Owner: barf_user
--

CREATE TABLE public."Recipe" (
    id text NOT NULL,
    name text NOT NULL,
    "userId" text NOT NULL,
    "catWeight" double precision NOT NULL,
    "meatWeight" double precision DEFAULT 0 NOT NULL,
    "totalWeight" double precision DEFAULT 0 NOT NULL,
    "createdAt" timestamp(3) without time zone DEFAULT CURRENT_TIMESTAMP NOT NULL,
    "updatedAt" timestamp(3) without time zone NOT NULL
);


ALTER TABLE public."Recipe" OWNER TO barf_user;

--
-- Name: RecipeItem; Type: TABLE; Schema: public; Owner: barf_user
--

CREATE TABLE public."RecipeItem" (
    id text NOT NULL,
    "recipeId" text NOT NULL,
    "ingredientId" text NOT NULL,
    amount double precision NOT NULL
);


ALTER TABLE public."RecipeItem" OWNER TO barf_user;

--
-- Name: Settings; Type: TABLE; Schema: public; Owner: barf_user
--

CREATE TABLE public."Settings" (
    id integer DEFAULT 1 NOT NULL,
    "landingVariant" text DEFAULT 'zen'::text NOT NULL
);


ALTER TABLE public."Settings" OWNER TO barf_user;

--
-- Name: User; Type: TABLE; Schema: public; Owner: barf_user
--

CREATE TABLE public."User" (
    id text NOT NULL,
    email text NOT NULL,
    password text NOT NULL,
    "acceptedPrivacyAt" timestamp(3) without time zone,
    "acceptedTermsAt" timestamp(3) without time zone,
    "createdAt" timestamp(3) without time zone DEFAULT CURRENT_TIMESTAMP NOT NULL
);


ALTER TABLE public."User" OWNER TO barf_user;

--
-- Data for Name: Cat; Type: TABLE DATA; Schema: public; Owner: barf_user
--

COPY public."Cat" (id, name, weight, "userId") FROM stdin;
\.


--
-- Data for Name: Ingredient; Type: TABLE DATA; Schema: public; Owner: barf_user
--

COPY public."Ingredient" (id, category, name, energy, protein, fat, water, carbohydrates, fiber, ash, calcium, phosphorus, magnesium, sodium, potassium, chloride, iron, zinc, copper, manganese, iodine, selenium, taurine, "vitaminA", "vitaminD", "vitaminE", "vitaminK", "vitaminB1", "vitaminB2", "vitaminB3", "vitaminB5", "vitaminB6", "vitaminB7", "vitaminB9", "vitaminB12", "vitaminC", "omega6Linoleic", "omega6Arachidonic", description) FROM stdin;
e0c1a0fb-dffa-485b-85f2-7b6abd75c169	Mieso	Kurczak grzbiet (ze skórą i kośćmi)	126.73184	9.36928	10.010336	32.29936	0	0	0	1266.22792	649.67896	33.692	49.312	147.936	39.4496	0.6903679999999999	0.6657120000000001	0.12328	0.0098624	0.443808	3.94496	0	52.54686719999999	0	0.22042464	0	0.02958719999999999	0.0838304	3.20528	0.443808	0.172592	0.98624	3.94496	0.147936	0	1.28605696	37.97024	\N
51881aec-ed3a-428e-8116-16774284d65a	Mieso	Kurczak pierś (ze skórą i kośćmi)	126.64393	18.361	5.892600000000001	59.78	0	0	0	386.8449	337.3109	27.0077	53.80200000000001	187.88	68.32	0.7686000000000002	0.6832	0	0	0	0	0	68.25168000000001	0	0.6362300000000001	0	0.05124000000000001	0.07686	11.58878	0	0.4526200000000001	0	3.416	0.2562	0	1.12728	31.598	\N
015fa53d-68fc-4d8f-a27f-da9c887fe02b	Mieso	Kurczak skrzydełka całe	222	18.04	12.33	68.01	0	0	0	620	440	30	50	230	0	1	1.7	0.2	0.1	0	15.5	0	146.52	0	0.447	0	0.048	0.088	5.926	0.766	0.35	0	0	0.32	0	0	0	\N
3dedce01-dc85-498f-87ab-555201b4e270	Mieso	Kurczak szyjka z kośćmi	154	16.09	7.22	72.1	0	0	0	1500	840	50	90	200	0	1	1.554	0.2	0.1	0	13.5	0	146.52	0	0	0	0.054	0.228	4.119	1.09	0.29	0	0	0.32	0	0	0	\N
827d09cb-1dd8-437f-99c1-59ff188dcaf0	Mieso	Kurczak udo ze skórą i kośćmi	126.76282319	15.411249	7.257149000000001	57.89411	0	0	0	484.90879	353.08972	23.4666	61.97116	156.55872	65.2328	1.467738	1.304656	0	0	0	0	0	114.0432426	0	0.60748045	0	0.0489246	0.1223115	7.118529300000001	0	0.2120066	0	5.707870000000001	0.244623	0	1.386197	38.32427	\N
87dc888f-e3b6-43e7-972e-5ec1a6396351	Mieso	Baranina chuda	134.683	20.1	6	71.9	0	0	0	8	190	23	78	380	0	2.4	3.7	0.1	0.015	3	0.4	0	149.85	0	0.641	0	0.16	0.22	8.37	0.55	0.29	1	2	3	0	0.14	0	\N
9ec07626-dfb7-4328-8727-e80c29f4f374	Mieso	Baranina filety	113	20.4	3.4	75.1	0	0	0	12	190	27	68	276	79	1.91	3.19	0.128	0.024	0.7	0	0	0	0	0.283	0	0.13	0.23	6.51	0.66	0.17	0	24	2	0	0.11	30	\N
8b1602c4-4482-4117-879c-1831f0227c6f	Mieso	Baranina gulasz	222	17.16	17.222	64.69	0	0	0	16	165	21	63	241	75	1.544	4.151	0.1	0.02	0.7	0	0	0	0	0.3278	0	0.11	0.21	5.606	0.688	0.14	0	20	2	0	0.459	49	\N
90baf992-1176-40dd-8035-f4377337ed30	Mieso	Baranina łopatka	255.165	17.15	21	60.65000000000001	0	0	0	8.25	142.5	19.5	75	275	0	2.05	3.235	0.0975	0.015	3	0.4	0	163.165	14	0.768	0	0.425	0.23	4.95	0.55	0.18	1	2.5	3	0.5	0.4875	25	\N
b3e256c6-9662-43bb-9fc7-93f639c0b45c	Mieso	Baranina tłusta	267	16.88	21.59	60.7	0	0	0	12	160	22	58	230	0	1.57	3.33	0.104	0.019	0	19.8	0	0	0	0.3129	0	0.12	0.22	6.1	0.67	0.13	0	0	2.39	0	0	0	\N
9ef6db3f-5f08-4aa6-8020-a2a704ca4ae3	Mieso	Baranina udziec	254	18.55	20.1	60.3	0	0	0	10.5	200	24	69	368.5	0	1.95	3.2	0.06	0.04	3	0	0	88.24	24	0.298	0	0.24	0.225	5.1	0	0.195	0	3.5	1.65	0	0.41	30	\N
c3e31a7c-60c1-44f5-b706-181ace528458	Mieso	Bażant bez skóry	128	23.6	3.6	67.8	0	0	0	12	214	20	40	243	60	1.1	0.96	0.07	0.017	8	0	0	176.49	0	0.894	0	0.072	0.143	11.73	0.93	0.66	2	6	0.8	0	0.295	10	\N
9a05f048-76bb-498a-ad94-b503f0617fdd	Mieso	Bażant ze skórą	285	18.5	23.8	56.6	0	0	0	12	248	22	21	199	60	3.5	2.2	0.44	0.019	2.2	0	0	243.09	0	0.894	0	0.212	0.224	10.5	0.76	0.41	2	6	0.4	0	2.67	160	\N
9435da14-2afd-424e-9bc8-acefbb9d4a68	Mieso	Cielęcina bardzo chuda	107.221	21.6	2.2	78.6	0	0	0	8	181	20	55	370	69	1.5	3.4	0.08	0.011	1.7	3	40	0	0	0.224	0	0.076	0.15	9.83	1.06	0.408	0	7	1.3	0	0.04	24	\N
e69f6b52-51d6-4ff2-abce-e475dd508f52	Mieso	Cielęcina chuda	131.101	21	5.2	75.1	0	0	0	8	178	20	68	322	68	1.4	4.3	0.06	0.011	1.7	5	40	0	0	0.224	0	0.063	0.132	9.67	0.9	0.408	0	10	1.3	0	0.094	56	\N
26d861cd-101c-45b6-b433-66cbfd8b1d8e	Mieso	Cielęcina filet	111	20.17	3.34	75.4	0	0	0	17	211	25	91	324	69	1.4	2.49	0.1	0.029	0.1	0	40	3.33	0	0.3874	13	0.07	0.26	9.08	1.39	0.56	0	14	1	0	0.194	121	\N
c77c0f7b-3046-47c4-ae2c-7f7de241b7d3	Mieso	Cielęcina głowizna	131	18.601	6.3	70	0	0	0	13	184	22	89	290	67	3	3.24	0.102	0.027	0	0	40	3.33	0	0.3129	0	0.07	0.23	6.68	1.13	0.42	0	9	1	0	0.366	229	\N
e9819dd8-0e20-4f6b-a6f3-1cd1c88e6c0c	Mieso	Cielęcina gulasz	125	19.27	5.28	74.4	0	0	0	22	203	23	90	302	68	1.4	3.93	0.119	0.028	0.1	0	40	3.33	0	0.4023	13	0.09	0.29	6.19	1.42	0.39	0	12	1	0	0.307	192	\N
f4145e0b-65a7-49d2-9fbd-bc38280d6522	Mieso	Cielęcina kotlet 	146	19.07	7.81	72.08	0	0	0	11	209	24	76	329	67	2.1	2.55	0.11	0.027	0.1	0	40	3.33	0	0.3725	13	0.08	0.3	8.44	1.36	0.49	0	13	1	0	0.454	284	\N
a4ebd921-9fa1-4fc4-b759-aa7126d118fb	Mieso	Cielęcina mielone	148	19.73	7.71	71.45	0	0	0	14	197	23	80	305	70	1.95	2.95	0.105	0.027	0.2	0	40	3.33	0	0.39485	12	0.074	0.259	7.268	1.272	0.401	0	2	1	0	0	0	\N
be2f0a8c-c637-45ae-abb5-3933b27075ce	Mieso	Cielęcina sznyclówka	105	20.5	2.4	75.9	0	0	0	12	198	20	68	320	0	1.7	3.2	0.25	0.03	2.2	0	0	99.9	8	0.447	0	0.14	0.27	6	0	0.4	0	5	1.3	0	0.12	30	\N
a06e056b-8bc7-4f2a-bc8f-64659ed22331	Mieso	Cielęcina średnio tłusta	181.01	20	11.3	67.2	0	0	0	8	166	20	70	320	67	1.6	4.2	0.06	0.011	1.7	3	40	0	0	0.224	0	0.072	0.172	9.5	0.9	0.408	0	6	1.3	0	0.21	120	\N
1667bb6a-7b4b-4e1f-9fae-7b1d3dceacc7	Mieso	Cielęcina tłusta	276.53	18.5	22.8	59	0	0	0	8	158	20	65	280	40	1.1	3.7	0.05	0.012	1.7	3	40	0	0	0.224	0	0.049	0.126	9.17	0.9	0.408	0	3	1.3	0	0.42	250	\N
ee78f4d8-2647-4965-8199-e6a531caa348	Mieso	Cielęcina udziec	108	19.9	3.1	75.9	0	0	0	10	160	16	128	246	0	2.4	2.05	0.2	0.03	2.2	0	0	99.9	12	0.45	0	0.18	0.28	6.5	0	0.3	0	5	1.3	0	0.12	0	\N
0959b301-82a8-404b-afa0-78c7b42dc013	Mieso	Dziczyzna	113	20.6	3.34	74.9	0	0	0	10	197	21	62	306	40	2.31	3.21	0.17	0.02	0.6	0	0	3.33	0	0.194	0	0.25	0.25	3.783	0.8	0.3	0	5	1	0	0.124	16	\N
8cac86e3-e501-4e94-b86e-8ddc42df7114	Mieso	Dzik 	109	19.5	3.38	75.86	0	0	0	10	167	22	94	359	60	1.84	2.25	0.11	0.03	6	0	0	26.64	0	0.3129	0	0.1	0.2	5.1	0.7	0.4	1	4	5	0	0.126	16	\N
5bbf8ad9-3e78-40ab-ac1a-cc814227ba44	Mieso	Gęś mięso	155.22	22.8	7.1	68.3	0	0	0	13	312	24	69	315	85	2.6	2.34	0.31	0.024	0	0	0	99.9	0	0	0	0.129	0.377	9.63	1.97	0.64	0	11	0.5	0	0.8	0	\N
2f438bc7-2bdc-45fb-8edf-b9c30e004468	Mieso	Gęś mięso ze skórą	361.543	15.9	33.6	49.7	0	0	0	12	234	24	69	315	120	2.5	1.35	0.14	0.02	1.2	24	0	99.9	0	0	0	0.125	0.35	11.5	1.29	0.58	0	11	0.3	0	3.35	0	\N
4e486617-0930-47d3-9161-cc91dec17e85	Mieso	Gęś tuszka	348.25	15.425	32.15	51.33750000000001	0.05	0	0	8.75	173.25	19.75	66.5	318.75	88	2.225	1.5425	0.2375	0.035	2.9	0	0	167.4475	28	0.149	0	0.115	0.21575	5.35	0.9450000000000001	0.505	6	5	0.7249999999999999	0	4.615	0	\N
0a555e2b-a817-4f37-8fad-e0791c6d0913	Mieso	Gęś udo	281	14.51	25.085	59.08	0.1	0	0	9.5	157	21	75	349.5	120	1.925	1.3	0.33	0.05	4	0	0	256.41	0	0	0	0.095	0.295	6.4	0.6	0.58	6	3	0.3	0	3.09	0	\N
3365c7de-151b-406c-94d8-a6a9e1b85db3	Mieso	Gęś udo bez kości	218	14.318	18.073	66.26	0	0	0	12	180	24	86	420	120	1.9	1.3	0.33	0.05	4	0	0	216.45	0	0	0	0.12	0.26	6.4	0.6	0.58	6	4	0	0	1.849	0	\N
634244a5-8508-4059-8390-a0505f7279f9	Mieso	Indyk mięso chude bez skóry	108.415	21.9	2.2	75.5	0	0	0	10	150	21	93	230	100	0.77	2.6	0.06	0.011	1.5	5	0	6.66	0	0.298	0	0.09	0.16	11.57	0.8	0.46	2	15	2	0	0.56	0	\N
ed84fa8f-b8f9-4e95-9b09-f3544e8b4dec	Mieso	Indyk mięso ze skórą	216	20.6	15	63.2	0	0	0	25	226	27	63	300	110	1.4	2	0.1	0.035	1	0	0	43.29	0	0.745	0	0.1	0.18	10.5	1.1	0.46	2	16	0.4	0	3.118	709	\N
4eec2c69-9a26-4f64-ac95-b01e953b6da3	Mieso	Indyk pierś bez skóry	107.9727272727273	23.96636363636363	1.248181818181818	73.96000000000001	0	0	0	7.069090909090909	208.0909090909091	27.21818181818182	60.15454545454546	325.6363636363636	27	0.7408181818181817	1.426363636363637	0.05088	0.0096	4.814285714285715	11.82714285714286	0	17.3876	9.8	1.032263636363636	31.35	0.08850000000000001	0.139	8.25	0.7092499999999999	0.6351818181818182	1.5	10.11818181818182	1.5867	0.3636363636363636	0.2028571428571428	36.66666666666666	\N
a62755ca-575d-4d6d-ba2b-197a68c900f7	Mieso	Indyk pierś ze skórą	126.3333333333333	21.23333333333333	4.533333333333334	72.86666666666666	0.1333333333333333	0	0	10.66666666666667	239.6666666666667	31.66666666666667	54.33333333333334	363.6666666666667	39	1.233333333333333	0.84	0.05500000000000001	0.01	6	7	0	38.88	12	0.0295	0	0.06233333333333333	0.1253333333333333	7.833333333333333	0.66	0.6333333333333333	0	8.133333333333333	0.9	0	0.7200000000000001	200	\N
340f9f90-40fa-4e50-ae5d-a57396ad2116	Mieso	Indyk podudzie bez skóry	100	16.6	3.7	78.6	0	0	0	8	214	27	96	364	0	1.2	2.83	0.08	0.02	0	0	0	66.66	4	0.0298	0	0.078	0.213	3.26	0	0.3	0	26	1.7	0	0.63	70	\N
c06e65de-c821-484f-9cf9-31c79327e9a8	Mieso	Indyk podudzie ze skórą	142	15.7	8.9	74.4	0	0	0	8	194	24	92	324	0	1.1	2.53	0.08	0.02	0	0	0	133.33	16	0.164	0	0.076	0.196	3.72	0	0.28	0	26	1.7	0	1.53	140	\N
b698ce22-f84b-47bb-813b-5f9af3c4824b	Mieso	Indyk skrzydło mięso bez skóry	115	18	4.7	76.3	0	0	0	5	207	27	62	359	0	1.2	2.27	0.04	0.01	0	0	0	66.66	4	0.0298	0	0.015	0.153	1.15	0	0.2	0	3	0.7	0	0.8	90	\N
40318e00-a56c-4b29-8b95-d8dfc1e6b2ce	Mieso	Indyk skrzydło mięso ze skórą	168	16.5	11.4	71.2	0	0	0	6	180	23	63	308	0	1.1	1.98	0.04	0.01	0	0	0	133.33	20	0.223	0	0.022	0.14	2.15	0	0.19	0	3	0.6	0	1.98	170	\N
1f991c9a-1f4a-4912-a6e9-a61664681ddf	Mieso	Indyk udo (bez kości)	155	18.92	8.8	71.18	0	0	0	17	180	17	86	289	55	2	2.4	0.16	0.05	1.5	0	0	6.66	0	1.788	0	0.09	0.18	4.7	1.13	0.32	2	25	0	0	1.828	416	\N
eddc9f17-85b9-41e6-85de-1909de889067	Mieso	Indyk udo bez skory	113	18	4.6	76	0	0	0	11	200	21	94	295	73	0.9	3	0.12	0	5	6	0	0	16	0	0	0.1	0.2	6.7	0.75	0.35	2	28	2	0	0.86	160	\N
f9d2b39d-7b15-4c1e-bb0e-feb85faf6429	Mieso	Indyk udo ze skórą	175.6666666666667	19.23333333333333	10.93333333333333	68.63333333333333	0.1333333333333333	0	0	17.33333333333333	215.6666666666667	21.33333333333333	84	290.3333333333333	64	1.666666666666667	2.7	0.135	0	5.5	6.5	0	0	16.8	0.00745	0	0.09666666666666668	0.22	5.433333333333334	0.72	0.4066666666666667	2	22	1.666666666666667	0	2.036666666666667	535	\N
e3122be6-8468-4aff-bfd7-1dd528a83240	Mieso	Indyk udziec bez skóry	109.6666666666667	19.43333333333333	3.466666666666666	75.76666666666667	0	0	0	5.666666666666667	209	24.33333333333333	80.66666666666667	348	55	0.9333333333333332	2.813333333333334	0.06666666666666667	0.005	5.5	10.5	0	22.22	13.33333333333333	0.1043	2.9	0.07866666666666668	0.2613333333333334	6.856666666666666	0.72	0.4	2	23.33333333333333	1.566666666666667	0	0.65	115	\N
0161570e-73b4-4013-b521-45870bf7201e	Mieso	Indyk udziec ze skórą	125.5	18.45	5.75	74.5	0	0	0	5.5	206.5	24.5	75.5	352	55	0.9	2.58	0.095	0.01	6	6	0	133.33	16	0.52945	0	0.078	0.228	7.869999999999999	0.69	0.415	2	21	1.35	0	1.015	140	\N
3a45d313-71a6-4f0e-a4f7-9d4f9a43dacb	Mieso	Jagnięcina	267	16.88	21.59	60.7	0	0	0	12	160	22	58	230	0	1.57	3.33	0.104	0.019	0	19.8	47	0	0	0.3129	0	0.12	0.22	6.1	0.67	0.13	0	0	2.39	0	0	0	\N
b6d52d7a-96c1-43c6-931d-b70b8e71c4cf	Mieso	Jagnięcina chuda	134	20.29	5.25	73.42	0	0	0	10	189	26	66	280	0	1.77	4.06	0.12	0.024	0	23.4	47	0	0	0.3129	0	0.13	0.23	6	0.7	0.16	0	0	2.62	0	0	0	\N
fb1d21dd-063a-45a4-be8b-3e9a67a0e597	Mieso	Jagnięcina filety	113	20.4	3.4	75.1	0	0	0	12	190	27	68	276	79	1.91	3.19	0.128	0.024	0.7	0	47	0	0	0.283	0	0.13	0.23	6.51	0.66	0.17	0	24	2	0	0.11	30	\N
0545312a-0ae0-4d0b-a216-d4634a5e2db7	Mieso	Jagnięcina gulasz	222	17.16	17.222	64.69	0	0	0	16	165	21	63	241	75	1.544	4.151	0.1	0.02	0.7	0	47	0	0	0.3278	0	0.11	0.21	5.606	0.688	0.14	0	20	2	0	0.459	49	\N
76265e73-f0e4-40db-9cee-f2ef7fe02241	Mieso	Jagnięcina łopatka	208.9675	18.05	15.275	65.375	0	0	0	9.25	171.75	18.75	65	272	63	1.32	3.415	0.093	0.015	1.85	4.525	0	99.99499999999998	13	0.5445	0	0.14	0.22	5.325	0.55	0.2	1	2.533333333333333	1.775	0.3333333333333333	0.3095	0	\N
1a688586-5e43-4711-9a31-4308d2365aff	Mieso	Jagnięcina udziec	180.162	19.04	11.58	67.86	0	0	0	6.7	183.2	22.52	62	312	59	1.52	2.91	0.0824	0.01	1.84	3.73	0	47.4252	18	0.4592000000000001	0	0.148	0.242	5.2	0.9	0.868	1.5	5	1.28	0.2	0.115	100	\N
baa3dca2-8248-4309-a18c-0a164d94a764	Mieso	Jeleń	113	20.6	3.34	73.57	0	0	0	10	197	21	62	306	40	2.31	3.21	0.17	0.02	0	9.7	0	3.33	0	0.1937	0	0.25	0.25	3.783	0.8	0.3	0	5	1	0	0.124	16	\N
09dabfec-0af7-42a9-835a-1dc891c6266c	Mieso	Kaczka	119.4	18.3	5.1	75.5	0	0	0	11	203	22	86	297	85	1.2	1.35	0.14	0.019	1.2	24	0	79.92	0	0	0	0.36	0.45	9.47	1.6	0.34	0	48	0.4	0	0.31	16	\N
0c6f42e4-f187-4e3f-9d21-0f5c233b5b65	Mieso	Kaczka mięso ze skórą	225	18.1	17.2	63.7	0	0	0	14	200	22	38	210	85	2.4	1.84	0.24	0.047	1.2	0	0	169.83	0	0	0	0.3	0.2	3.5	0.95	0.33	6	25	0	0	1.934	16	\N
afd5e687-3285-49fb-abd0-2e35a60b6fd9	Mieso	Kaczka pierś bez skóry	118.684	19.9	4.3	75	0	0	0	3	186	22	57	270	85	4.5	0.74	0	0	0	0	0	53.28	0	0	0	0.42	0.31	8.07	0	0.63	0	48	0.8	0	0.48	16	\N
c3dc49b3-b930-4270-8893-2efe88b6e076	Mieso	Kaczka tuszka	352.25	13.7	33.25	53.375	0.05	0	0	9	136.5	14.25	71.75	215.75	62	1.71	1.5125	0.2225	0.03	1.2	0	0	218.135	42	0.7953333333333333	0	0.16925	0.3615	3.6625	0.95	0.2375	0	10	1.125	0	4.233333333333333	30	\N
61c1ef88-0233-4e83-9316-5e4d4a2e8c7a	Mieso	Kaczka udo	294.5	15.305	26.225	55.65	0.1	0	0	11	120.5	15	56	178	71	1.94	1.26	0.45	0.03	1	1.9	0	151.58	0	0	0	0.26	0.22	3.5	0.95	0.33	6	7	0.3	0	3.8	0	\N
2971ba25-bb29-495d-98d1-6da0a2216953	Mieso	Konina mięso bez kości	145.324	20	7.220000000000001	71.74	0.15	0	0	11.2	193.2	21.6	56.4	314	0	3.532	3.101999999999999	0.98	0.01	1	4	0	96.2	15	0.725	0	0.14	0.254	4.52	0.6	0.488	2.6	7	3.08	0.32	0.778	136	\N
8aa40152-8ef0-41f1-abf5-bce2d7fcb8fb	Mieso	Koźlina	149	19.5	7.88	75.84	0	0	0	10	185	20	50	300	9	2	3	0.2	0.02	0	8.8	0	119.88	0	1.49	0	0.15	0.28	4.9	0.5	0.3	1	5	3	0	0.293	37	\N
9e8a4746-2878-4420-b4bf-4426d66e5059	Mieso	Królik domowy chude mięso	109	21.79	2.32	74.77	0	0	0	12	226	29	50	380	70	3.2	1.4	0.5	0.038	1	0	0	9.99	0	0.745	0	0.03	0.06	8	0.8	0.4	1	4	10	0	0	0	\N
62a073bd-1c9e-4e0d-bdce-dfbd44f6187e	Mieso	Królik dziki średniotłuste mięso	109	21.79	2.32	74.77	0	0	0	12	226	29	50	380	70	3.2	1.4	0.5	0.038	1	0	0	9.99	0	0.745	0	0.03	0.06	8	0.8	0.4	1	4	10	0	0.365	33	\N
c71808ed-1fd0-4c18-a0c5-554a037ea800	Mieso	Królik mięso	125.37	22.2	4	74.6	0	0	0	13	213	28	58	383	51	0.8	1.7	0.15	0.038	0.55	10	0	33.3	0	0.596	0	0.115	0.14	14.67	0.78	0.6	1	5	10	0	0.78	71	\N
42a831b5-0dee-4a60-b7d3-76a8fbd453e7	Mieso	Królik tuszka	137	20.45	6.15	72.35	0	0	0	20.5	201.5	24	55	372.5	65	1.8	3.045	0.105	0.025	5	17	0	0	8	0.164	0	0.03	0.18	6.65	0.7	0.515	0.9	4.5	9.4	0	0.99	70	\N
0c65aad6-97cb-4821-9418-be19838d1ddf	Mieso	Kura tuszka	202	18.5	14.3	66.4	0	0	0	11	162	19	66	307	0	1.6	1.39	0.06	0.03	0.9	0	0	30	56	0.985	0	0.083	0.159	5.16	0	0.47	0	8	0.3	0	2.7	10	\N
3f795781-b7ac-40b9-927c-01e990aa9313	Mieso	Kurczak mięso bez skóry	131.579	20	5.7	74	0	0	0	11	173	24	76	281	80	0.58	0.97	0.04	0.014	0.4	10	34	53.28	0	0.432	0	0.096	0.158	11.7	1.06	0.39	2	21	0.4	0	1.21	302	\N
e01a61e9-6b3e-4820-bb49-d369be3cfe5e	Mieso	Kurczak mięso ze skórą	180.294	18.7	11.8	69.5	0	0	0	11	182	22	76	281	69	0.6	0.9	0.04	0.014	0.4	10	34	29.97	0	0.298	0	0.09	0.14	11.17	1.2	0.36	2	24	0.4	0	2.43	350	\N
405f2de8-edf5-4f23-9f18-f710b64da39d	Mieso	Kurczak pieczeń ze skórą	166	19.9	9.6	69.35	0	0	0	12	160	20	70	260	69	0.7	1	0.16	0.02	10	0	34	129.87	0.4	0.09834000000000001	0	0.108	0.151	6	0.9	0.496	2	6	0.4	0	1.95	181	\N
a983ebe2-c73f-4c74-9227-e3711e42053d	Mieso	Kurczak pierś bez skóry	105.25	23.7125	0.9750000000000001	72.425	0	0	0	6.55	222.5	29	48.5	353.75	80	0.4	0.5725	0.07500000000000001	0.015	0.5	0	34	35.8025	30	0.648625	0	0.0975	0.13825	11.47	0.86	0.6825000000000001	2	11.25	0.375	0	0.191	11.5	\N
dc1415c4-88d3-43e9-baaa-c733c02e0505	Mieso	Kurczak pierś ze skórą	148.295	21.5	6.9	70	0	0	0	11	198	25	63	220	80	0.9	0.8	0	0	0	0	34	79.92	0	0.745	0	0.06	0.09	13.57	0	0.53	0	4	0.3	0	1.32	37	\N
064c0c60-9db4-4cdc-a4d0-0af4d6e72c96	Mieso	Kurczak skrzydełka ze skórą, bez kości	188.262	19.56666666666667	12.26666666666667	67.03333333333333	0	0	0	11.33333333333333	152.6666666666667	20	68.66666666666667	210.6666666666667	77.5	1.133333333333333	1.143333333333333	0.03333333333333333	0.006666666666666667	4	6	34	116.5966666666666	16	0.5663333333333332	0	0.07333333333333332	0.1333333333333333	7.81	0.55	0.36	1	7.333333333333333	0.3	0	1.845	62.5	\N
64d55fcb-f3bf-40ee-95a6-faa4c5b3276e	Mieso	Kurczak tuszka	176.3333333333333	18.83333333333334	11.13333333333333	69.26666666666667	0	0	0	9.666666666666666	162.3333333333333	20.66666666666667	67	295	77	0.8666666666666666	1.15	0.05	0.025	6.133333333333333	12	0	58.84666666666666	28	0.3576666666666666	0	0.1026666666666667	0.194	6.446666666666666	0.9650000000000001	0.4366666666666667	2	8.333333333333334	0.35	0.8333333333333334	1.86	10	\N
efaed300-cb25-454b-a733-e254ad150e61	Mieso	Kurczak udo bez kości bez skóry	136.5	17.85	7.25	74.1	0	0	0	8	197.5	22.5	87.5	296.5	0	0.75	1.4	0.08499999999999999	0.01	8	6	0	73.28999999999999	22	1.5665	0	0.115	0.218	4.33	0	0.355	0	10.5	0.8	0	1.49	50	\N
cad6231f-75e4-40d1-a25f-0d88fb94967a	Mieso	Kurczak udo bez kości ze skórą	184.6183333333333	17.80583333333334	12.55083333333334	68.24727272727272	0.01416666666666667	0	0	9.808333333333334	150.1666666666667	20.33333333333333	78.70333333333333	280.19	96	0.9666666666666667	1.34	0.0618	0.0115	6.733333333333333	13.33333333333333	0	91.50272727272728	36.36363636363637	0.7793333333333333	31.15	0.10525	0.22225	4.823666666666667	0.9256666666666667	0.3061818181818182	3	10.76363636363636	0.6945454545454546	0.01818181818181818	2.178	112.624	\N
3599876e-3c66-4f37-abfb-f71502c93154	Mieso	Kurczak udziec ze skórą	226.3333333333333	16.34	17.73666666666667	66.52333333333334	0.1833333333333333	0	0	8.333333333333334	149	19.33333333333333	78.66666666666667	246.6666666666667	100	0.7600000000000001	1.396666666666667	0.08133333333333333	0.007666666666666666	8	12.63333333333333	0	52.66666666666666	9.333333333333334	1.084	2.5	0.1143333333333333	0.1883333333333333	5.041666666666667	0.7266666666666666	0.319	3	6.666666666666667	0.94	0	2.9	217	\N
f2fa0bda-8701-45e5-9ae5-9b16e394c57d	Mieso	Owca łopatka	192.712	18.5	13.3	67.4	0	0	0	13	181	17	66	218	0	1.5	3.42	0.12	0.01	0.7	1.4	0	149.85	0	1.043	0	0.18	0.3	7.13	0.55	0.2	1	3	1.2	0	0.31	0	\N
0bc7aa08-7da2-45b6-9c11-04401b60a8c1	Mieso	Owca noga	168.115	20.1	9.8	69.1	0	0	0	13	208	17	66	218	0	1.5	3.42	0.12	0.01	0.7	1.4	0	149.85	0	1.043	0	0.18	0.3	7.47	0.55	0.2	1	1	1.2	0	0.37	0	\N
79652810-8467-40da-88d3-a160b27c1591	Mieso	Owca pierś	363.692	14.5	34.5	50.2	0	0	0	13	136	17	66	218	0	1.5	3.42	0.12	0.01	0.7	1.4	0	149.85	0	1.043	0	0.18	0.3	6.63	0.55	0.2	1	3	1.2	0	0.8	0	\N
ea1150c3-dcda-47ff-81e7-b6155e4b6505	Mieso	Owca polędwica	334.559	15.8	30.6	52.4	0	0	0	13	198	17	61	230	0	1.2	2.1	0.16	0.01	0.7	1.4	0	149.85	0	1.043	0	0.09	0.16	6.5	0.55	0.15	1	1	1	0	0.71	0	\N
cb404529-d544-41f0-9e27-c9640b2abeda	Mieso	Sarnina	122	22.4	3.55	72.86	0	0	0	25	220	20	84	342	40	3	3	0.15	0.02	0.6	0	0	0	0	1.1324	0	0.1	0.25	0	0.8	0.6	0.1	4	1	0	0.132	17	\N
121e3651-0e2f-4ece-8f39-77a51e9ae58a	Mieso	Struś tłuste mięso	165	20.2	8.7	71.07	0	0	0	7	199	20	72	291	0	2.91	3.51	0.128	0.017	0	33	0	0	0	0.3576	0	0.182	0.267	4.377	1.08	0.475	0	7	4.61	0	0.777	70	\N
4bc70749-9b78-4016-a170-719e491e709b	Mieso	Wieprzowina boczek bez kosci	510	10.1	53	36.5	0	0	0	4	95	10	78	163	0	0.7	1.45	0.05	0.01	1.8	0	0	0	28	0.716	0	0.402	0.161	3.1	0	0.17	0	3	0.6	0	3.04	300	\N
950fb708-7094-43e5-acec-48eadb6f06d4	Mieso	Wieprzowina chuda	128.952	20.2	5.3	74	0	0	0	7	160	24	76	360	69	0.83	3.6	0.1	0.014	1	5.8	50	0	3.2	0.149	0	0.62	0.23	7.37	0.6	0.35	2.6	2	0.7	0	0.54	25	\N
ace3dc5e-d117-47f6-a2f2-b8c06a534d26	Mieso	Wieprzowina golonka ze skórą	294	18.6	24.7	55.9	0	0	0	19	145	17	73	213	0	1.1	2.31	0.05	0.01	1.8	0	0	0	28	0.298	0	0.442	0.177	5.74	0	0.24	0	3	0.7	0	1.41	140	\N
741037a3-b25b-4531-821a-8f096dae8487	Mieso	Wieprzowina karkówka	267	16.1	22.8	60.3	0	0	0	18	166	17	63	283	0	1.3	3.11	0.08	0.05	1.8	0	0	0	28	0.597	0	0.575	0.243	3.68	0	0.26	0	3	0.7	0	1.3	130	\N
66dbb6e4-e831-4fe9-bb2a-54d4defa518a	Mieso	Wieprzowina kotlety, steki	175.04	20.7	10.3	68.5	0	0	0	7	115	21	83	332	69	0.71	3.6	0.1	0.013	1.1	6.9	50	0	4.4	0.149	0	0.752	0.15	10.1	0.79	0.309	0.79	2	0.7	0	1.06	24	\N
b98e0591-e867-49c7-9162-391fb4781af6	Mieso	Wieprzowina łopatka	221.035	17.95	16.75	64.5	0	0	0	6	174	20	64	300	69	0.9650000000000001	3.37	0.07	0.017	1	5.8	50	0	16.4	0.373	0	0.669	0.2125	6.465	0.78	0.3005	0.78	2.5	0.7	0	1.225	116	\N
8bca2dc7-c1f5-4d80-a066-97f8a5561e8e	Mieso	Wieprzowina podgardle	405.505	13.7	39.55	46.25	0	0	0	7	119.5	13	60	207.5	66	0.85	1.55	0.1	0.0165	1.4	6.9	50	0	16.2	0.0965	0	0.4215	0.117	6.035	0.78	0.152	0.78	3.5	0.7	0	2.52	221	\N
3291d652-f6bc-471f-9564-ca2d449d2e87	Mieso	Wieprzowina polędwiczka	107	22	2	74.8	0	0	0	2	170	25	74	350	69	1.09	2	0.053	0.077	1	0	50	19.98	0	0.6109	18	0.9	0.23	5	0.7	0.5	5	3	2	0	0.149	25	\N
58d7366e-62b7-4443-a18c-81352083eabb	Mieso	Wieprzowina schab	174	21	10	68	0	0	0	15	208	24	42	343	0	1	1.93	0.06	0.04	1.5	0	0	0	24	0.343	0	0.989	0.186	7.24	0	0.52	0	3	0.7	0	0.57	60	\N
dfc0f91b-587b-4784-bf75-7a4f99559091	Mieso	Wieprzowina szynka	238.557	18.1	18.7	62.5	0	0	0	5.5	177	17.5	61	244.5	71	0.74	2.74	0.06	0.011	0.95	6.9	50	0	16.8	0.298	0	0.5755	0.196	5.74	0.6	0.33	2.6	2.5	0.7	0	1.435	95.5	\N
89dd8d54-c7c1-4681-8814-92a7efc6697d	Mieso	Wieprzowina żeberka	321	15.2	29.3	54.7	0	0	0	28	157	17	63	252	0	1.3	2.86	0.06	0.05	1.8	0	0	0	28	0.298	0	0.651	0.236	4.4	0	0.28	0	3	0.6	0	1.68	160	\N
4bad535d-3d04-4ee2-b6b4-17fd29b3290f	Mieso	Wolowina pieczeń	117	20.9	3.6	74.5	0	0	0	3	204	25	78	375	0	2.3	3.76	0.08	0.04	0.8	0	0	36.63	16	0.3	0	0.079	0.222	5.44	0	0.42	0	10	1.4	0	0.09	0	\N
382750d2-ecb6-48da-9607-1d16f87c2b36	Mieso	Wołowa górna łopatka	159	21.681	8.038	53.8	0	0	0	3	155	22	54	344	106	1.933	3.904	0.08	0.021	1.2	6.5	36	46.62	0	0.6764600000000001	0	0.087	0.155	4.712	0.312	0.18	2	3	4	0	0.181	39	\N
58d6494e-f652-4064-befe-89df963df896	Mieso	Wołowa karkówka	164.056	20.8	9	69.2	0	0	0	5	170	22	69	325	55	2.2	5.8	0.07	0.011	0.9	6.5	36	23.31	0	0.447	0	0.032	0.19	9.73	0.8	0.48	0	6	1.4	0	0.17	85	\N
4e809fa6-081e-4a9d-a7a4-24b274466ba2	Mieso	Wołowina	121	21.2	4	73.65	0	0	0	3	160	22	42	340	55	2.3	4.41	0.076	0.02	0.1	0	36	66.6	0	0.7152	13	0.1	0.13	4.6	1	0.19	0	10	2	0	0.117	37	\N
a923fba0-c186-41f3-9ed2-502954fc217a	Mieso	Wołowina antrykot	147	20.6	7.2	71.2	0	0	0	6	167	22	78	316	52	2.2	3.5	0.08	0.04	0.3	29.2	36	36.63	24	0.27	0	0.11	0.18	4.79	0.01	0.28	2	8	1.4	0	0.22	0	\N
1fc018a7-e02d-4c7d-adae-3926e2aae7ba	Mieso	Wołowina chude mięso	129	20.2	5.3	73.5	0	0	0	4	210	19	50	300	55	2.34	5.29	0.072	0.02	0.1	0	36	9.99	0	0.7152	13	0.09	0.19	5.1	0.6	0.19	3	1	5	0	0.155	49	\N
b0f784a5-680c-4c8c-b1f7-01da9449d4a1	Mieso	Wołowina gulasz	129	20.2	5.3	69.2	0	0	0	4	210	19	50	300	55	2.34	5.29	0.072	0.02	0.9	6.5	36	9.99	0	0.7152	0	0.09	0.19	5.1	0.6	0.19	3	3	5	0	0.155	49	\N
172dbcbb-4361-4b5a-93eb-e604eda523c2	Mieso	Wołowina karczek chudy	149	19.25	8.05	71.7	0	0	0	4	200	17	45	300	55	2.08	5.56	0.057	0.02	0.1	0	36	9.99	0	0.7152	13	0.09	0.19	5.2	0.6	0.19	3	1	5	0	0.236	74	\N
a76417ba-d572-4df8-bbd0-8992a08cf050	Mieso	Wołowina łata	410	14.1	39.3	45.9	0	0	0	15	113	13	127	120	50	2.7	1.03	0.07	0.01	0.3	18.1	36	16.65	32	0.4	0	0.06	0.13	3.08	0.32	0.05	2	7	1.4	0	1.29	0	\N
bbaef306-1789-423b-b68f-38631bda2030	Mieso	Wołowina mielona	202	19.65	13.63	65.15	0.46	0	0	6	168	19	60	310	50	1.92	3.73	0.09	0.02	0.3	0	36	56.61	0	0.59302	11	0.198	0.228	6.466	0.498	0.158	3	0	4	0	0	0	\N
574b5e2c-07d4-46b1-bd89-625c00d757c1	Mieso	Wołowina mielona chuda	168.115	20.5	9.6	70	0	0	0	7	175	19	64	304	0	2.3	3.9	0.07	0.009	0	0	36	33.3	0	0	0	0.045	0.167	4	0.33	0.26	1.3	10	2.1	0	0	0	\N
676d5949-9d43-48da-a2f1-f50e5fcc25aa	Mieso	Wołowina mostek tłusty	262	17.2	21.7	60.2	0	0	0	4	173	16	45	242	51	1.943	4.218	0.079	0.018	0.5	0	36	6.66	0	0.5364	10	0.078	0.16	4.18	0.45	0.143	2	2	4	0	0.387	37	\N
59531e4a-edaf-49f2-bdd0-96b8cfd4a640	Mieso	Wołowina pierś chuda	208.95	17.6	15.1	65.4	0	0	0	4	170	20	65	245	53	1.98	3.5	0.05	0.011	1.3	6.5	36	133.2	0	0.715	0	0.053	0.148	8.13	0.44	0.28	0	10	1.6	0	0.31	44	\N
cffe4f02-f131-4326-aa2b-cd40959a9fef	Mieso	Wołowina pierś tłusta	323.335	15.9	29.3	53.8	0	0	0	4	170	17	65	254	51	1.6	3.9	0.05	0.011	1.2	6.5	36	119.88	0	1.311	0	0.033	0.155	7.9	0.49	0.38	0	4	1.4	0	0.55	37	\N
e5fefa73-3305-4cfa-b6a6-63c5a35ce088	Mieso	Wołowina polędwica	127.8333333333333	21.16666666666667	4.760000000000001	72.9	0	0	0	4.5	205.1666666666667	25.5	46.83333333333334	386.8333333333333	55	2.5	3.808333333333333	0.05	0.02	3.14	9.2	0	16.761	8	0.4573333333333334	2.835	0.07783333333333332	0.1763333333333333	5.423333333333333	0.9	0.3308333333333334	0	6.633333333333334	1.761666666666667	0	0.148635	0	\N
da002f7f-a1fc-42c1-b21b-1cad1eabf30d	Mieso	Wołowina pręga	126.21	21.14	4.6	73.52000000000001	0.05	0	0	9.8	174.2	21.4	63.4	288.2	69	2.25	4.6525	0.075	0.011	7.600000000000001	10.375	0	12.4875	19	0.37925	0	0.05719999999999999	0.158	5.02	0.76	0.49375	0.5	8.65	1.665	0	0.1526	43.45	\N
eb39d2bf-cddd-4fb1-9fec-3ce4d3103fc2	Mieso	Wołowina rostbef	155.0016666666667	21.53333333333333	7.645	69.66666666666667	0	0	0	5.876666666666666	183.8333333333333	21.83333333333333	59.41666666666666	337.6666666666667	46	2.043333333333333	3.64	0.05833333333333334	0.008	5.52	8.02	0	29.97	16.66666666666667	0.3641666666666667	0.5	0.06591666666666668	0.1938333333333333	5.876666666666666	0.7925	0.4481666666666667	0.6666666666666666	9.183333333333334	1.515	0	0.155	107.1	\N
4ddac103-79e3-41f3-8a78-979eef573473	Mieso	Wołowina rozbratel	179.235	18.775	11.65	69	0	0	0	9.317499999999999	169.25	20.5	56	310.75	0	2.4	3.445	0.0675	0.01033333333333333	1.066666666666667	6.833333333333333	0	37.4625	18.5	0.5695	0.3	0.0525	0.1925	4.8975	0.755	0.34	1	7	1.55	0	0.2666666666666667	125	\N
32e29dd6-0869-4f21-8ee0-cecd6648d4f6	Mieso	Wołowina szponder	260.1825	18.05	21.025	60.47499999999999	0	0	0	14.33333333333333	166.3333333333333	18	71.33333333333333	265.3333333333333	0	1.9	3.8875	0.04833333333333333	0.0105	1.1	6.06	0	63.27	24	0.8210000000000001	0	0.04500000000000001	0.1503333333333333	4.0925	0.48	0.261	0	4.333333333333333	1.7425	0	0.4023333333333334	225.5	\N
71b24328-dbfd-4fad-aa46-21309acb4ecc	Mieso	Wołowina średniotłuste mięso	155	19.6	8.58	70.84	0	0	0	7	203	18	49	288	54	2.26	5.08	0.073	0.02	0.2	0	36	9.99	0	0.67944	12	0.088	0.184	4.916	0.57	0.181	2	1	4	0	0.201	47	\N
3229a61e-6484-42f7-9edf-92aa75c70d33	Mieso	Wołowina tłuste mięso	187	18.88	12.52	67.66	0	0	0	4	194	18	48	274	53	2.17	4.82	0.075	0.019	0.3	0	36	9.99	0	0.63623	12	0.085	0.177	4.695	0.534	0.169	2	1	4	0	0.257	44	\N
d7a3ae3a-1750-4521-93a7-5c3ef2264e06	Mieso	Wołowina udziec	139.937	21.4	6	71.6	0	0	0	5	170	22	75	310	52	2.2	5.3	0.1	0.011	0.8	6.5	36	9.99	0	0.328	0	0.036	0.18	9.83	0.87	0.5	0	7	1.4	0	0.11	56	\N
67cd42f7-1fb2-47ff-b668-336b61e3dee1	Mieso	Zając mięso	123.937	21.6	4.1	73.3	0	0	0	9	210	26	77	318	40	0.8	1.7	0.24	0.038	0.55	10	0	0	0	0.149	0	0.09	0.06	12.1	0.8	0.3	0.1	10	1	0	0.79	43	\N
dc6193ba-611f-4f74-a856-5440500d939b	Mieso	Cielęcina grasica	100	17.2	3.4	79.16	0	0	0	4	558	16	433	433	120	1.91	1.9	0.2	0.1	0	16.1	0	16.65	0	0.298	0	0.08	0.17	2.58	1	0.03	3	15	6	0	0.056	5	\N
2beedac1-65a0-4fa3-8024-1eed98a64e75	Mieso	Cielęcina móżdżek	117	10.32	8.201	79.78	0	0	0	10	350	14	127	315	150	2.13	1.11	0.22	0.037	0	10	0	0	0	2.533	0	0.13	0.26	3.6	2.5	0.16	6	13	5	0	0.023	288	\N
952c5dde-8e50-4440-a621-ffb951a206d7	Mieso	Cielęcina nerki	112	15.76	5	77.03	1	0	0	11	241	16	178	272	250	11.5	1.8	0.494	0.08	4	0	0	699.3	20	0.298	0	0.37	2.5	6.47	4	0.5	40	66	28	12.7	0	0	\N
295570ed-58bc-46ee-9474-cab30b30d0f7	Mieso	Cielęcina ozór	180	17.18	11.6	68.42	1.91	0	0	9	190	17	86	210	15	2.83	2.63	0.16	0.029	2	0	0	9.99	0	0.149	0	0.15	0.29	3.7	2	0.13	3	4	4	2.7	0	0	\N
bd286f8e-aa13-4b74-abda-e23266d89534	Mieso	Cielęcina płuca	86	16.3	2.3	80.5	0	0	0	7	220	15	154	274	80	5	1.16	0.3	0.1	0	17.2	0	99.9	0	0.745	0	0.11	0.36	4	1	0.07	5	11	3	0	0.111	157	\N
dc0896d0-140a-4eac-aad5-f7cf1aae935c	Mieso	Owca grasica	92	14	4	79.2	0	0	0	8	400	21	75	420	120	1.7	1.9	0.2	0.082	0	9	0	3.33	0	0.6556	0	0.03	0.25	3.7	1	0.03	3	13	6	0	0.066	6	\N
a411ac62-c852-4bf5-963d-0bc2ee078c19	Mieso	Owca śledziona	104	17.2	3.901	78.51	0	0	0	7	200	20	84	358	120	41.89	2.84	0.121	0.051	0	32.4	0	299.7	0	0.149	0	0.09	0.27	5	1.5	0.11	6	8	6	0	0.284	28	\N
39a5efc9-6b4f-44fc-94c2-52b1d40dcb56	Mieso	Wieprzowina mózg	139	11.1	10.6	76.9	0	0	0	10	340	20	160	326	0	3.8	1.04	0.3	0.03	1.1	0	0	29.97	0	1.567	0	0.155	0.304	4.1	0	0.15	0	5	2.8	18	0.12	620	\N
51bfdc00-54e8-44e6-92af-17ca368c6a61	Mieso	Wieprzowina móżdżek	127	10.28	9.21	78.36	0	0	0	10	282	14	120	258	0	1.6	1.27	0.24	0.094	0	15.9	0	0	0	0	0	0.155	0.275	4.275	2.8	0.19	0	6	2.19	0	0.09	470	\N
c57ae755-e984-4b42-9058-131fd49f361a	Mieso	Wieprzowina nerki	102	16.8	3.8	78.1	0	0	0	11	246	18	205	313	0	8	3	0.89	0.06	4.4	0	0	116.55	40	0.611	0	0.58	1.74	9.8	0	0.53	0	45	17	13	0.4	230	\N
0c1dcfbb-82b5-4192-a490-340219f0f517	Mieso	Wieprzowina nogi	274	23	20.4	55.8	0	0	0	24	106	12	157	127	0	2.1	2.66	0.35	0.05	1	0	0	96.57	24	0.597	0	0.013	0.065	1.6	0	0.32	0	4	0.7	0	1.92	130	\N
63947bfc-1421-4ece-ba27-dc37eddb5db2	Mieso	Wieprzowina ozór	165	16.5	11.1	71.4	0	0	0	11	188	18	108	255	0	4.5	2.6	0.23	0.03	1.4	0	0	29.97	24	0.791	0	0.33	0.42	5.3	0	0.35	0	8	3.7	4	1.1	0	\N
3880d21c-55b4-4ca9-9f94-7ca96335875b	Mieso	Wieprzowina płuca	9	17.83	2.91	79.52	0	0	0	3	230	14	150	243	80	50	2.03	0.3	0.1	0	17.8	0	99.9	0	0.745	0	0.06	0.21	3.4	0.9	0.1	6	11	2	0	0.141	199	\N
d5732f50-e925-49ad-b745-fee64395f208	Mieso	Wieprzowina śledziona	100	17.86	2.59	78.43	0	0	0	10	260	13	98	396	0	22.32	2.54	0.131	0.072	0	32.8	0	0	0	0	0	0.13	0.3	5.867	1.055	0.06	0	4	3.26	0	0.19	0	\N
0765e8c3-c485-41d8-b31d-c836ffda6b14	Mieso	Wołowa śledziona	107	18.5	3.7	75.3	0	0	0	12	250	22	85	429	250	42	2.11	0.17	0.07	5	31	0	489.51	0	0.656	0	0.28	0.39	4.4	1.08	0.07	5.7	4	5.7	46	0.27	0	\N
842579dd-d1fe-4f0c-99f2-33ebf53d5c03	Mieso	Wołowina móżdżek	127	9.56	9.63	76.29	0	0	0	10	366	13	167	280	150	2.14	1.22	0.201	0.037	0	21.3	0	147	0	2.235	0	0.13	0.24	3.5	2.5	0.16	6	12	3	0	0.027	338	\N
fd987eb3-5be2-4d1e-857f-573734574678	Mieso	Wołowina nerki	95.56633333333333	16.23333333333333	3.063333333333333	77.56333333333333	0.595	0	0	11	244.6666666666667	17.33333333333333	185.6666666666667	234	200	7	1.9	0.4333333333333333	0.1073333333333333	4.1	120.5	23	928.379	42.5	0.3566066666666667	0	0.3656666666666666	2.333333333333333	7.923333333333333	3.89	0.495	24	85.66666666666667	31	10.2	0.1	55	dubarfst, vuwi, USDA Database
0e1526d5-5c27-4694-81f6-4b64d3cc319c	Mieso	Wołowina ozór	195	16	13	66.42	3.68	0	0	10	160	18	80	255	13	2.95	2.87	0.17	0.26	2	0	0	13.32	0	0.39187	0	0.13	0.29	4.6	2	0.13	3	5	5	3	0	0	\N
27e89198-d4a7-4cde-ba59-6ef2d9fb947f	Mieso	Wołowina płuco	94	17.42	2.63	79.38	0	0	0	12	224	14	198	228	80	7.5	1.61	0.26	0.1	0	44.3	0	183.15	0	0.745	0	0.09	0.34	4.27	1	0.07	5	3	3	0	0.127	180	\N
2a2bb824-2ae8-4faf-8d2c-637ac14fe3aa	Mieso	Wołowina śledziona	96	18.64	2.27	77.2	0	0	0	7	296	20	99	380	120	9	2.11	0.168	0.073	0	62.2	0	316.35	0	0.298	0	0.13	0.3	3.9	1.2	0.12	5	10	5	0	0.165	16	\N
96885813-e804-43a9-8a4c-3ef284cc1ced	Mieso	Baranina serce	118	16.47	5.68	76.71	0	0	0	7	175	21	89	280	140	3.6	2	0.52	0.02	0	32	0	3.33	120	0.5513	0	0.37	0.9	6.14	2.63	0.29	4	2	8	0	0.359	58	\N
194debe2-0f4c-4ed5-bf4b-a1e253567929	Mieso	Gęś serce	182	19	11.7	67.3	0.4	0	0	0	223	0	0	0	0	7.7	0	2.31	0	0	0	0	0	0	0	0	0.3	1.2	0	0	0	0	0	0	0	1.5	0	\N
7cd78446-acdb-4785-b72c-6e50024b2295	Mieso	Jagnięcina serce	116.12	16.794	5.374	76.728	0.164	0	0	6.9	191.6	19.4	114.4	290.8	140	4.082	1.938	0.45925	0.02866666666666666	3.966666666666667	9.566666666666666	0	8.88	52.13333333333333	0.5938000000000001	0	0.426	0.917	6.787999999999999	2.5975	0.271	4	5.4	8.568000000000001	5.25	0	0	\N
c88cab73-7d39-40d6-be66-fc77cbdd370a	Mieso	Kaczka serce	139	15	7.97	73.5	1.9	0	0	12.5	193	15.5	82.39999999999999	194	0	5.8	1.38	0.37	0	0	0	0	106.665	0	1.208	0	0.17	0.635	8	0	0	0	0	0	0	0.55	80	\N
a6b9f5de-e854-46cf-8e22-d2bded4fba50	Mieso	Indyk serce	113	17.13	4.79	76.62	0	0	0	6	222	22	94	295	0	4.18	3.37	0.394	0.058	0	35.9	0	107	0	0.06	0	0.212	0.97	4.75	3.12	0.441	0	0	15.4	3	0	0	http://www.nal.usda.gov/fnic/foodcomp/cgi-bin/list_nut_edit.pl
20025874-c7c9-496c-a793-3ee34b808b77	Mieso	Kurczak serce	136.6475	16.45	7.565	74.37	0.35	0	0	17	170.5	17	87.5	219.5	100	3.85	4.845	0.348	0.0895	5	0	0	29.97	0	1.494	0	0.368	0.984	6.615	2.56	0.297	2	49.5	5.65	3	1.1345	394.5	Średnia dubarfst i vuwi
a45fc5c9-9dbb-4d9e-a3cd-54dba10db13e	Mieso	Owca serce	161	16.8	10	76.71	0	0	0	4	160	16	118	248	140	6.1	2.12	0.45	0.05	0	32	0	69.93	120	0.447	0	0.31	0.88	5	3	0.29	4	2	5	0	0.631	103	\N
10456cb5-c2c9-4d5b-be0b-715715c7b153	Mieso	Wieprzowina serce	109.827	16.95	4.55	77.9	0	0	0	20	168	21.5	98	316.5	110	4.35	2.15	0.39	0.029	2.05	22	0	13.99	14	0.45495	0	0.435	1.12	7.915	2.5	0.434	18.2	6.5	2.7	6	0.395	129	\N
aee7daf7-5624-4d84-b01c-e9477409415a	Mieso	Wołowina serce	112.714	15.3	5.4	77.5	0	0	0	4	214	17	95	240	95	4.2	1.4	0.31	0.032	1.8	14	0	19.98	40	0.298	0	0.335	0.75	35.83	2.5	0.26	2	20	10	0	0.61	8	\N
3038a7b3-4c86-4562-a050-9d4a38b28cc8	Mieso	Cielęcina żołądek	134	15	8.3	73	0	0	0	15	100	6	50	100	80	1	2	0.2	0.07	0	0	0	3.33	0	1.49	0	0.025	0.07	5.7	1	0.04	6	10	1	0	0.1	13	\N
e0d755cc-61e9-4dc0-a4fa-b9453fd6dfcc	Mieso	Indyk żołądek	117.967	19.14	4.58	76.18	0	0	0	6	140	16	72	322	0	4.31	2.86	0.114	0.048	0	29.2	0	0	0	0.745	0	0.04	0.179	4.78	0.914	0.126	1.9	6	6.86	0	0.638	100	\N
df01e6c2-e06b-4208-bb7b-197555dbeeae	Mieso	Kurczak żołądek	113.715	18.2	4.2	76.2	0.6	0	0	8	135	13	69	188	0	3.5	3	0.1	0.0675	0.4	25.5	0	216.555	4	0.298	0	0.09	0.05	6	0.75	0.12	1	45.5	0.6	3	0.86	320	\N
79c45813-5c18-48c4-96e2-1b692825aa29	Mieso	Wieprzowina żołądek	159	16.85	10.14	73.5	0	0	0	11	130	11	75	140	0	1.01	1.85	0.169	0.038	0	31.1	0	0	0	0.0596	0	0.051	0.201	2.48	1.22	0.034	0	3	0.3	0	0.724	110	\N
1607ed29-7f5d-407f-acd4-37e0730b565c	Mieso	Wołowina żołądek	94	14.56	3.95	81.11	0	0	0	15	79	8	46	19	80	1.95	2.47	0.09	0.07	5	0	0	3.33	0.4	0.1192	0	0.02	0.07	5.7	0.001	0.04	4	6	0.1	3	0.047	6	\N
21bd4f4d-b9e1-446c-9087-77ea2d469bff	Mieso	Kaczka żołądek	127	19.8	5.25	73.1	0.2	0	0	6	139	16	54	194	0	5.33	0	0.13	0	0	0	0	2560.77	0	0	0	0.09	0.26	0	0	0	0	0	0	0	0.665	0	\N
79ffe74b-e5fb-4a2b-8996-1cc0b42bd794	Ryby	Dorsz dziki	97.84400000000001	18.22	1.1	80.2	0	0	0	10.8	195.6	23.4	49	396.6	0	0.22	0.352	0.0225	0	314.6	22.4	0	35.164	104	1.047	0	0.05400000000000001	0.05399999999999999	2.02	0.19	0.136	1.7	12	1.42	0	0.0675	15	\N
67a4cebb-f946-4bfb-a2d0-468d5a682dfc	Ryby	Dorsz hodowlany	94.82	19.6	0.75	79	0	0	0	16	203	27	75	439	0	0.16	0.43	0.03	0	300	25	0	8.325	74	0.5975	0	0.02	0.07	4.1	0.14	0.275	0	11	1	0	0	0	\N
8259371f-d28f-46c1-86c6-4be2635038d8	Ryby	Flądra	86.73333333333332	16.92222222222222	1.977777777777778	79.9625	0	0	0	37.11111111111111	185.4444444444445	24.44444444444444	83.88888888888889	315.5555555555555	130	0.361111111111111	0.5866666666666667	0.03319999999999999	0.032	19.1	25.3	0	36.63375	27.42857142857143	0.9593333333333334	0.06666666666666667	0.17	0.1788888888888889	3.566666666666667	0.638	0.2344444444444444	1.2	11.55555555555556	1.311111111111111	0.5	0.01875	35	\N
b0b53cb0-c72a-4278-bfc3-7bd44002e13b	Ryby	Halibut biały	115.0636363636363	19.58181818181818	3.546818181818181	75.13636363636364	0	0	0	15.26363636363636	211.7272727272727	26.31818181818182	68.45	428.3181818181818	60	0.389	0.403	0.11	0.01	24.4	29.41666666666667	0	74.56555555555556	263.2	1.681	0	0.068	0.07409090909090911	5.745454545454545	0.3235714285714286	0.4356363636363636	4	9.954545454545455	1.125454545454545	0	0.07666666666666667	73.60000000000001	\N
1e80312b-115b-4bad-b16a-a4d7b8f5a025	Ryby	Krewetka surowa	74.575	15.8575	0.8350000000000001	80.26666666666667	0.5	0	0	45.25	163	27.5	315.75	152.75	0	1.3425	1.19	0.24	0.05112	112.75	24.66666666666667	0	10.655	6	4.9975	0.085	0.05750000000000001	0.04	2.825	0.185	0.0575	0	13.925	2.13	0.75	0.43115	10	\N
789f25fa-0b14-4273-bdbe-56e8ce5c145d	Ryby	Łosoś dziki	195.8181818181818	19.19090909090909	13.4	65.65	0	0	0	16.45454545454545	233.5454545454545	27	54.90909090909091	367.4545454545454	83	0.7272727272727273	0.6599999999999999	0.11	0.02	39.25	29.3375	130	105.7836363636364	988	3.435454545454546	1.486666666666667	0.2090909090909091	0.1646363636363637	7.030000000000001	1.25	0.8585	6.2	19.11111111111111	4.45	0.6181818181818182	0.4882222222222222	195	\N
8a0a42cc-10cf-4250-9349-bcc83cc90ce5	Ryby	Łosoś hodowlany	212.5	20.03333333333333	14.61666666666667	63.56666666666666	0	0	0	8.305	222.8333333333333	26.48333333333333	47.5	417.5	59	0.3408333333333333	0.448	0.0375	0.04833333333333333	22.3	26.8	0	67.71	317.9333333333333	2.934666666666667	0.3333333333333333	0.209	0.1034	7.578333333333332	1.32	0.4676666666666667	4	8	5.339999999999999	0.2	0.6999999999999998	405	\N
1d6c570a-5c16-44de-8ef6-c1371b8de071	Ryby	Okoń	84.30000000000001	18.66777777777778	0.9122222222222222	79.28625000000001	0	0	0	45.76666666666667	240.7777777777778	27.63333333333333	49.08888888888889	318.6666666666667	60	0.4977777777777778	0.7666666666666667	0.03216666666666667	0.0605	12.5	35.23333333333333	0	33.21875	621	1.570222222222222	0.3	0.09833333333333333	0.1044444444444445	3.827777777777778	0.3175	0.3275	5	9.228571428571428	3.04875	0.6555555555555554	0.012513	15	\N
9d80e9c8-6a3c-46e8-b308-d595019aa2c1	Ryby	Pstrąg strumieniowy	117.6571428571429	19.95714285714286	4.071428571428571	74.67428571428572	0	0	0	13.24285714285714	227.4285714285714	27.8	45.75714285714286	443.2857142857143	0	0.5171428571428571	0.5099999999999999	0.086	0.02	21.04	26.65	0	145.8983333333333	388	0.8636666666666666	0.1333333333333333	0.08333333333333333	0.1416666666666667	5.373333333333334	1.43	0.5083333333333333	4.5	8.68	3.958333333333333	0.5833333333333334	0.1618333333333333	71.5	\N
59942fe9-d297-434e-b4ab-4d9aa31a58cf	Suplementy	Mączka ze skorupek Lilly's Bar	0	0	0	0	0	0	0	38800	960	0	0	0	0	0	0.61	0.27	0	0	0	0	0	0	0	0	0	0	0	0	0	0	0	0	0	0	0	Żródło wapna
8d21d8a4-3674-44fb-8adb-b723f2e28475	Suplementy	Mączka ze skorupek Lunderland	0	0	0	0	0	0	0	38600	960	366	87	37	0	1.2	0.24	0.13	0	0	0	0	0	0	0	0	0	0	0	0	0	0	0	0	0	0	0	Żródło wapna
9285f689-c3ce-43e3-a9c9-58b42d08fe68	Suplementy	Mączka ze skorupek cdVet	0	0	0	0	0	0	0	37000	925	0	0	0	0	0	0	0	0	0	0	0	0	0	0	0	0	0	0	0	0	0	0	0	0	0	0	\N
b3ff9e8c-1ff9-42e0-9a0e-8729374995ec	Suplementy	Mączka z alg morskich Lunderland	37.5	6	1.5	12	0	0	0	0	0	0	0	0	0	0	0	0	0	53114	0	0	0	0	0	0	0	0	0	0	0	0	0	0	0	0	0	\N
1d93b714-00ed-4057-8dfd-9a76ce3b10ba	Ryby	Sola	80.5	17.08333333333333	1.233333333333333	80.63333333333333	0.15	0	0	27	222.3333333333333	31.66666666666667	106.3333333333333	318.8333333333333	140	0.5666666666666668	0.3133333333333333	0.033	0.025	23.66666666666667	34.875	0	2.22	320	0.8353999999999999	0	0.07033333333333334	0.08100000000000002	3.333333333333333	0.3	0.2668	1.2	10.4	0.8400000000000001	0.925	0.027	38.5	\N
13a6b992-c23d-4c89-8ae4-f898a6b7b727	Ryby	Szczupak	84.1875	19.19375	0.62875	78.88499999999999	0	0	0	37.8	227.5	28.5125	59.7875	372	0	0.41875	0.78	0.03583333333333334	0.03	10	15.78666666666667	0	25.53666666666667	96.55	0.9742500000000001	0.1333333333333333	0.069375	0.0575	2.565	0.5225	0.17	5	10.28571428571429	10.79625	1.5125	0.01575	30	\N
444fcdf4-038e-4aec-a6b0-a9199a030150	Ryby	Tuńczyk	130.2727272727273	24.14545454545454	3.627272727272728	71.512	0	0	0	13.18181818181818	229.0909090909091	38.36363636363637	44.81818181818182	372.3	130	1.241818181818182	0.615	0.1087142857142857	0.02	29.8475	73.075	199.9	1079.345454545454	404	1.5051	0.1	0.163	0.1436363636363636	10.935	0.7060000000000001	0.571	2.15	10.69	4.903	0.325	0.0486	60	\N
4d929f78-d653-46c3-9cb3-860b717f0733	Ryby	Węgorz	323.1111111111111	16.08888888888889	28.94444444444444	54.71250000000001	0	0	0	30.33333333333333	248.1111111111111	19.11111111111111	67.88888888888889	239.5555555555555	0	0.6777777777777777	2.16	0.05	0.0225	46.375	38.6	0	5201.786666666667	1113.333333333333	9.363222222222223	0.006666666666666667	0.1211111111111111	0.2577777777777778	2.700000000000001	0.17775	0.286	0	13	3.6	0.9333333333333333	0.869	430	\N
1c63d973-538b-40f7-848a-751e6326c8bb	Suplementy	Mączka z alg morskich	249	7.9	0.6	12.3	0	0	0	680	250	121	3100	7500	0	3.3	1	0.5	0	36000	0.7	0	0	0	0	0	0.21	0.32	1.5	0	0.01	0	180	0	0	0	0	Żródło jodu
bad7f11f-f077-4290-a56c-9854df749630	Suplementy	Mączka z alg morskich Lilly's Bar	59	4.4	4.1	12.3	0	0	0	680	250	121	3100	7500	0	3.3	1	0.5	0	40000	0.7	0	0	0	0	0	0.21	0.32	1.5	0	0.01	0	180	0	0	0	0	Żródło jodu
7c9dac68-d8ae-4df0-82c4-2ce09fcf7e4d	Suplementy	Sól himalajska	0	0	0	4	0	0	0	60	0	50	39300	3500	59900	0	0	0	0	100	0	0	0	0	0	0	0	0	0	0	0	0	0	0	0	0	0	http://www.bazarek.pl/produkt/0/945479/kubiczna-sol-himalajska-halit-100g.html
3d3c2d1a-9855-44d4-9f04-66b4c1fff9a7	Suplementy	Mączka z alg morskich Koebers	0	8	4	0	0	0	0	3000	150	900	0	0	0	15	5	1	1	70000	0	0	0	0	0	0	0	0	0	0	0	0	0	0	0	0	0	\N
3d052cf5-f03e-4580-97d7-5239a4d5c6ed	Suplementy	Spirulina	367	59.783	4.066	4.999	0	0	0	637	101	910	839	1092	111	19.803	10.033	1.821	4.561	0	0	0	2027.97	0	0	3034	1.891	3.277	11.55	2.963	0.324	0	1821	0	5.017	0.668	0	\N
a125c816-fbc0-4cf5-bf8b-4c176753f5f8	Suplementy	Olej z łososia SALMOPET	890	0	100	0	0	0	0	0	0	0	0	0	0	0	0	0	0	0	0	0	0	0	0	0	0	0	0	0	0	0	0	0	0	0	600	Źródło wielonienasyconych kwasów tłuszczowych oraz witamin A, D i E. Dawka to 1 łyżeczka na 1 kg mięsa.
1627f682-0f4c-44ae-9799-734a8cf11128	Suplementy	Sól jodowana	0	0	0	6	0	0	0	250	150	120	38850	40	59900	0.1	0.05	0.1	0.2	2000	0	0	0	0	0	0	0	0	0	0	0	0	0	0	0	0	0	Żródło sodu
174e57b6-7f70-4828-a3b9-ab0df2316cd3	Suplementy	Sól morska jodowana	0	0	0	4	0	0	0	51	1	37	33800	56	60000	3	0.08	0.14	0.2	2000	0	0	0	0	0	0	0	0	0	0	0	0	0	0	0	0	0	Źródło sodu, chloru i jodu
8ce64f4c-5382-49b9-aede-ce621b996ed1	Suplementy	Sól morska naturalna Symbio	0	0	0	0	0	0	0	310	0	350	37580	340	60500	0.27	0.08	0	0.62	0	0	0	0	0	0	0	0	0	0	0	0	0	0	0	0	0	0	\N
6bdbf1ae-211d-4e8b-bee3-ad53d6bc95f5	Suplementy	Tauryna	0	0	0	0	0	0	0	0	0	0	0	0	0	0	0	0	0	0	0	99300	0	0	0	0	0	0	0	0	0	0	0	0	0	0	0	\N
ccb49783-d5e1-4eae-8fed-ebb4669cd0da	Suplementy	Cytrynian wapnia 21%	0	0	0	0	0	0	0	21100	0	0	0	0	0	0	0	0	0	0	0	0	0	0	0	0	0	0	0	0	0	0	0	0	0	0	0	Żródło wapna
3d4b6658-2443-4250-83d1-a4fd3878047e	Suplementy	Mączka kostna GRAU z kości wołowych	0	0.6	0.3	20.9	0	0.3	0	22600	17700	22	30	0	0	0	0	0	0	0	0	0	0	0	0	0	0	0	0	0	0	0	0	0	0	0	0	\N
af27b656-a20c-47e7-b3e7-e9352fefa5f9	Suplementy	Mączka kostna kozia	0	21.1	8.9	3	0	0	0	21540	10460	420	560	50	0	0	0	0	0	0	0	0	0	0	0	0	0	0	0	0	0	0	0	0	0	0	0	\N
2846cc25-8289-48e3-87d6-81e24a2462b3	Suplementy	Mączka kostna (30/14)	38.2	5.5	1.8	10.9	0	0	0	30000	14000	200	400	0	0	0	0	0	0	0	0	0	0	0	0	0	0	0	0	0	0	0	0	0	0	0	0	\N
334bbf20-05ca-4629-a3cb-c692e7b6f595	Suplementy	Mączka kostna (35/15)	0	0	0	0	0	0	0	35300	15800	0	0	0	0	0	0	0	0	0	0	0	0	0	0	0	0	0	0	0	0	0	0	0	0	0	0	Żródło wapna i fosforu
aa9eb234-c2d5-4dd5-9f0e-74055a0bbc56	Suplementy	Mączka kostna (35/25)	0	0	0	17.8	0	0	0	35700	25600	22	16	0	0	0	0	0	0	0	0	0	0	0	0	0	0	0	0	0	0	0	0	0	0	0	0	\N
f130876e-0035-4442-b9bf-0fcdc49ad116	Suplementy	Mączka kostna (56/41)	0	0	0	0	0	0	0	56200	41300	0	0	0	0	0	0	0	0	0	0	0	0	0	0	0	0	0	0	0	0	0	0	0	0	0	0	Żródło wapna i fosforu
1c37056b-1982-4f71-b389-8dc5b95e5f51	Suplementy	Wątroba indycza	228	17.84	16.36	62.29	0	0	0	5	279	15	71	255	0	12	2.26	0.407	0.195	0	70.8	0	72261	0	0.1788	0	0.153	2.59	13.5	6.28	1.47	0	677	49.4	0	1.289	326	\N
14143726-d8d0-4ab2-8199-cfc9d568783e	Suplementy	Wapno z alg (Algenkalk Lilly's Bar)	0	0	0	0	0	0	0	31230	80	1710	31	10	0	2.5	3.7	1	0	16000	100	0	0	0	0	0	0	0	0	0	0	0	0	0	0	0	0	* dane analiza DE → wątek "Niedobory..."
927828c7-81a7-4b80-9516-34edc16f8ebd	Suplementy	Wapno z alg (Algenkalk Lunderland)	0	0	0	0	0	0	0	34000	80	2400	31	10	0	2.5	3.7	1	0	2060	100	0	0	0	0	0	0	0	0	0	0	0	0	0	0	0	0	* dane analiza DE → wątek "Niedobory..."
572fab04-c2bc-4d4c-896c-ea7662ae6e14	Suplementy	Węglan wapnia 37% Lilly's Bar	0	0	0	0	0	0	0	37000	0	0	0	0	0	0	0	0	0	0	0	0	0	0	0	0	0	0	0	0	0	0	0	0	0	0	0	Żródło wapna
3db5020b-7590-4d28-9aff-15ca93b7ad0c	Suplementy	Fortan 40 (węglan wapnia 40%)	0	0	0	0	0	0	0	40000	0	0	0	0	0	0	0	0	0	0	0	0	0	0	0	0	0	0	0	0	0	0	0	0	0	0	0	Żródło wapna
a2e1f029-a8b1-439b-bf2d-922b08282dec	Suplementy	Fosforan dwuwapniowy (29/22)	0	0	0	0	0	0	0	29000	22000	0	0	0	90	0	0	0	0	0	0	0	0	0	0	0	0	0	0	0	0	0	0	0	0	0	0	\N
6b8b9225-5c41-46ca-95a9-c762dbb1f9e3	Suplementy	Grau Kalzium Plus	0	0.3	0.4	1	0	0	0	32000	80	2200	430	0	0	0	0	0	0	0	0	0	0	0	0	0	0	0	0	0	0	0	0	0	0	0	0	Żródło wapna
474e6373-2fe9-4a94-9950-eb5a2c66b8f0	Suplementy	Wątroba kacza	130.862	18.7	4.6	71.8	0	0	0	11	269	20	77	240	100	30.5	3.07	5.96	0.258	0	0	0	39960	40	0.596	0	0.562	0.892	10.83	6.18	0.76	0	738	54	0	0.37	260	Wątroby dajemy około 40-50g na 1 kg mięsa.
2a63e329-f1c4-4570-bdef-860c99938e34	Suplementy	Wątroba wieprzowa	130	22	3.4	70.6	2.6	0	0	10	362	23	83	311	0	18.7	4.51	0.63	0.23	3.1	0	0	43283.34	44	0.179	0	0.4	2.98	16.7	0	0.65	0	110	25	23	0.5	490	\N
a17b7dc8-92dd-443a-b3ec-f8248873b7cb	Suplementy	Wątroba wołowa	133.8536363636364	19.97272727272727	4.232727272727273	70.34	4.22	0	0	7.295454545454546	356.6363636363636	21.81818181818182	92.18181818181819	316.8181818181818	90	7.791818181818183	4.41	3.937142857142857	0.35	6.840000000000001	29.625	0	48155.2090909091	34.10909090909091	1.064709090909091	58.9	0.2754545454545455	3.15	13.07272727272727	7.840000000000001	0.8654545454545454	33	741.3363636363637	109.0909090909091	26.6	29.37525	210	\N
48c1ebfa-57cb-4566-835a-7522ba5b5bcd	Suplementy	Wątroba cielęca	120.738	18.73	3.615	72.42999999999999	3.581111111111111	0	0	8.373	315.3	21.44	82.97999999999999	321.8	87.5	7.531000000000001	5.973000000000001	9.174285714285714	0.28	4.225714285714286	27.3	0	37843.45066799999	23	3.4762	20.5	0.236	2.817	13.38	8.06	0.7629000000000001	39	566	60.82000000000001	25.08	0.8903749999999999	513.3333333333334	\N
7a5f25f7-c0c0-46d5-b371-a6f98813bf36	Suplementy	Wątroba gęsia	131	18	4.28	71.42	5	0	0	12	261	20	77	240	100	10.77	3.07	7.52	0.3	2	68.1	0	23331	40	0.596	80	0.3	3.2	10	7	0.76	210	738	54	4.5	0.07	10	* nutritiondata
e16d4fd4-814e-4bae-8f52-7c17d0208eb4	Suplementy	Wątroba kurczaka	121.682	19.01	4.29	73.22222222222223	1.844444444444445	0	0	9.6	316.4	20.3	74.9	274	130	8.222727272727273	3.39111111111111	0.4114285714285714	0.26	2.5	43.07142857142857	0	36941.53	15.88	1.2556	60.1	0.3619999999999999	2.378	10.98888888888889	6.659999999999999	0.741111111111111	210	1251.733333333333	28.55555555555556	24.31111111111111	0.625	200	\N
fe426a2e-9cc0-49f0-8e5f-dcac4f089df0	Suplementy	Drożdże browarnicze Lunderland	277	40	1	6	26.5	1	0	200	1000	200	200	1410	400	48	10	6	5	4	100	0	0	0	0.149	0	133.33	4	36	10.8	4.1	76.5	1600	20	0	0	0	* naehrwertrechner.de
f4942b3d-e548-4c1e-ad69-4a5ae62ac235	Suplementy	Drożdże browarnicze Pokusa	220	38.7	1.7	7.5	27	9.5	0	280	1100	230	80	1800	400	7	5	0.5	0.7	4	14	0	0	0	0.149	0	7	3.2	43	3	1.6	20	800	2.1	0	0	0	* naehrwertrechner.de
e6062dba-729f-49b1-b2d4-9b3a273ceb07	Suplementy	Tabletki drożdżowe Hefe Plus	0	29.6	2.13	0	0	0	0	0	0	0	0	0	226	31	6.4	3.9	3.2	0	0	0	1000	40	7.45	0	8	3	25.5	6.4	3	55	1200	0	2.4	0	0	Źródło witamin z grupy B
198587fc-b872-4216-80ae-40f7220acddb	Suplementy	Tran z wątroby dorsza Lilly's Bar	884	0	100	0	0	0	0	0	0	0	0	0	0	0	0	0	0	0	0	0	134000	9300	0	0	0	0	0	0	0	0	0	0	0	3.73	0	\N
60cf6f67-25d2-4223-bfc6-470ad12f7c2e	Suplementy	Tran z wątroby dorsza cdVet	884	0	100	0	0	0	0	0	0	0	0	0	0	0	0	0	0	0	0	0	99913	10001	0	0	0	0	0	0	0	0	0	0	0	0	0	\N
90918e28-9d07-4873-96f8-327e382618fb	Suplementy	Olej z dzikiego łososia Lunderland	884	0	100	0	0	0	0	0	0	0	0	0	0	0	0	0	0	0	0	0	16298	9240	38.44	0	0	0	0	0	0	0	0	0	0	0	0	\N
d3e3fb6f-2709-4cdb-8462-38e807ddc1e7	Suplementy	Olej z kiełków pszenicy	884	0	99.5	0.5	0	0	0	0	0	0	0	0	0	0	0	0	0	0	0	0	0	0	222.01	24	0	0	0	0	0	0	0	0	0	54.2	0	Źródlo witaminy E
bda2fb2b-f30a-422c-be7c-2f81bf1bc79e	Suplementy	Tokovit E 100 (kapsułka)	0	0	0	0	0	0	0	0	0	0	0	0	0	0	0	0	0	0	0	0	0	0	100	0	0	0	0	0	0	0	0	0	0	0	0	Źródło witaminy E
ff7de1bc-5d27-47c6-b291-10179dd8c5c6	Suplementy	Tokovit E 200 (kapsułka)	0	0	0	0	0	0	0	0	0	0	0	0	0	0	0	0	0	0	0	0	0	0	200	0	0	0	0	0	0	0	0	0	0	0	0	Źródło witaminy E
a734ed27-bf20-41b2-a670-7c9d1b6be4f9	Suplementy	Witamina E (firmy Allcura)	0	0	0	0	0	0	0	0	0	0	0	0	0	0	0	0	0	0	0	0	0	0	36	0	0	0	0	0	0	0	0	0	0	0	0	\N
b2f21152-5578-4855-a887-dc8d17418bd4	Suplementy	Solgar witamina E 134mg (200IU) kapsułka	0	0	0	0	0	0	0	0	0	0	0	0	0	0	0	0	0	0	0	0	0	0	200	0	0	0	0	0	0	0	0	0	0	0	0	Źródło witaminy E
cf43c9f9-3a48-4444-b983-f151e416fd5c	Suplementy	Fortain	0	92	0	0	0	0	0	0	0	0	0	0	0	280	0	0	0	0	0	0	0	0	0	0	0	0	0	0	0	0	0	0	0	0	0	Źródło żelaza
1fe0a5fd-6d7d-4f3f-8c59-a0efa8baae65	Suplementy	Hemoglobina wieprzowa Pokusa	0	92.5	0	4.49	0	0	0	180	200	0	470	740	0	250	0	0	0	0	0	0	0	0	0	0	0	0	0	0	0	0	0	0	0	0	0	Źródło żelaza
4b1326ff-16f0-4966-8dbd-42cbd8d6c411	Suplementy	Hemoglobina wołowa suszona	365	89	1	8	0	0	0	0	374	0	0	955	0	391.11	2.89	0.67	0	0	0	0	0	0	0	0	0	0	0	0	0	0	0	0	0	0	0	Źródło żelaza
7c740947-e5a8-4933-bb8a-1d3ec8a90fb7	Suplementy	Krew wołowa świeża (płynna)	74	17.8	0.13	81.14	0	0	0	6	59	3	330	39	304	47	0.35	0.09	0.008	5	0	5	66.66	0	0	0	0.09	0.03	0.85	0.6	0.5	0.5	12	3	0	0	0	Źródło żelaza
34a96316-b3de-4e63-9333-0bbcff981f16	Suplementy	Krew gęsia świeża (płynna)	85	17.8	1.5	79.8	0	0	0	10	177	3	156	104	0	24.11	0.07	0	0	0	0	0	0	0	0	0	0.09	0.21	0.82	0	0	0	0	0	0	0	0	Źródło żelaza
066a8e69-7d4f-4486-b9d1-280302b3198c	Suplementy	Zoltko jajka	324.6188888888889	15.9	28.86666666666666	52.075	0.8571428571428573	0	0	125.1777777777778	522.8888888888889	13.08333333333333	48.94444444444444	102.1666666666667	140	5.26111111111111	3.13	0.1457142857142857	0.08940000000000001	80.7	32.82857142857143	1.21	2194.737777777778	213.2888888888889	7.612222222222223	8.9175	0.2524444444444444	0.6019999999999999	0.05666666666666667	4.31	0.372625	53.33333333333334	122.9888888888889	5.095555555555555	0	3.0345308	370	Waga 1 żółtka to około 32% wagi całego jajka. Jako klasy M ma wagę 53-63g (w tym żółtko 17-20g). Na 1kg mięsa można dać do 4 żółtek.
6361e854-ac1e-4343-8e79-84592c357747	Suplementy	Tran z wątroby dorsza Lunderland	884	0	100	0	0	0	0	0	0	0	0	0	0	0	0	0	0	0	0	0	134900	41489	0	0	0	0	0	0	0	0	0	0	0	0	0	\N
61821c88-2856-42bb-ad3b-7ea8e8fb699e	Tluszcze	Łój barani	734	3.85	81.3	0	0	0	0	2	10	1	2	4	5	0.1	0.08	0.01	0.005	0	0	0	0	0	0.745	0	0	0	0.767	0	0	0	0	0	0	1.937	0	\N
926582e3-eb73-4438-b386-d75c3fc273f2	Tluszcze	Łój wołowy	856	0.8	96.5	0	0	0	0	0	7	1	11	6	0	0.32	0	0	0.001	0	0	0	73.26	0	1.937	0	0	0	0	0	0	0	0	0	0	1.471	0	\N
ad5878d3-e0b9-4329-b123-5b64bea92dc1	Tluszcze	Masło	741	0.67	83.2	15.32	0	0	0	13	21	3	5	16	20	0.09	0.23	0.015	0.04	4	0	0	2174.49	40	3.01278	60	0.005	0.022	0.034	0.047	0.005	0	1	0	0.2	1.966	0	\N
df2b3f76-0d2e-4244-961d-e37cfb803fab	Tluszcze	Masło klarowane	881	0	99.5	0	0	0	0	6	1	1	2	3	28	0.2	0.2	0	0	0	0	0	2940.39	40	5.364	8	0	0	0	0	0	0	0	0	0	2.4	0	\N
e5d929ec-e7ad-46d4-8391-d761500aeca4	Tluszcze	Skóra z indyka	357.6666666666667	12.46666666666667	34.6	51.56666666666666	0	0	0	10.33333333333333	108.3333333333333	10.66666666666667	66	146.6666666666667	62	0.7333333333333334	0.9500000000000001	0.06999999999999999	0.01	8	8	0	173.16	32	0.619	2.9	0.05266666666666667	0.07400000000000001	4.836666666666667	0.26	0.15	2	3	0.375	0	6.173333333333333	320	\N
456f8e04-6609-42e2-afc2-0fa007d2da30	Tluszcze	Skóra z kurczaka	440	10.03333333333333	44.83333333333334	45.5	0	0	0	11	86.66666666666667	8.333333333333334	48.66666666666666	112	57	0.7333333333333334	0.64	0.08	0.01333333333333333	16	9	0	168.7466666666667	76	0.6063333333333334	2.9	0.05366666666666667	0.326	2.126666666666667	0.64	0.09333333333333334	2	4	1	0	5.696666666666666	40	\N
3977a659-8a9f-4b7b-9756-552142b731ad	Tluszcze	Smalec barani	902	0	100	0	0	0	0	0	0	0	0	0	0	0	0	0	0	0	0.2	0	0	0	4.2167	0	0	0	0	0	0	0	0	0	0	0	0	\N
0e9f6d0c-29c2-41b5-bc53-7fe5b04f9e1e	Tluszcze	Smalec gęsi	883	0	99.95	0	0	0	0	1	5	0	5	1	10	0.03	0.02	0.02	0	2	0	0	0	0	4.0677	0	0	0	0	0	0	0	0	0	0	9.555	0	\N
1b881fb1-9051-40e2-a170-738cbdad863e	Tluszcze	Smalec kaczy	882	0	99.8	0	0	0	0	0	0	0	0	0	0	0	0	0	0	0	0.2	0	0	0	4.0677	0	0	0	0	0	0	0	0	0	0	0	0	\N
a0f9713b-d785-482c-bdc5-c52472e1083c	Tluszcze	Smalec wieprzowy	882	0	99.7	0	0	0	0	1	3	1	1	1	4	0.06	0.11	0.02	0.014	9	0	0	29.97	0	2.39741	0	0	0	0	0	0.02	0	0	0	0	8.388	1430	\N
dcc7dc7c-b090-4aae-a995-90e3280e5c46	Tluszcze	Smalec wołowy	902	0	100	0	0	0	0	0	0	0	0	0	0	0	0	0	0	0	0.2	0	0	0	4.023000000000001	0	0	0	0	0	0	0	0	0	0	0	0	\N
eb226469-896b-4425-89a0-0b36bf9e19a6	Tluszcze	Tłuszcz cielęcy	624	6.02	67.83	60	0	0	0	7	73	5	26	107	40	0.6	0.54	0.039	0.001	0	0	0	0	0	4.619	0	0.02	0.08	2.37	0.42	0.15	0	4	0	0	1.97	980	\N
37e4bfcb-eacf-4a91-baca-71ded8c91719	Tluszcze	Tłuszcz gęsi	882	0	99.8	0.2	0	0	0	0	0	0	0	0	0	0	0	0	0	0	0	0	529.47	0	0	0	0	0	0	0	0	0	0	0	0	9.23	0	\N
a1163890-c81e-4b67-a069-34731271bfaa	Tluszcze	Tłuszcz indyczy	878	0.3	99.2	0.3	0	0	0	0	0	0	0	0	0	0	0	0	0	0	0	0	0	0	0	0	0	0	0	0	0	0	0	0	0	20.58	0	\N
62e745e3-c632-4435-abcf-939a42351564	Tluszcze	Tłuszcz kaczy	882	0	99.8	0.2	0	0	0	0	0	0	0	0	0	0	0	0	0	0	0	0	399.6	0	4.07	0	0	0	0	0	0	0	0	0	0	10.24	0	\N
4e9021d3-7a63-4ede-ae7b-fb91fa06dbc8	Tluszcze	Tłuszcz kura	878	0.3	99.2	0.3	0	0	0	0	0	0	0	0	0	0	0	0	0	0	0	0	0	0	0	0	0	0	0	0	0	0	0	0	0	17	0	\N
84ee7e0c-aa94-446e-970c-70d4fa8c4831	Tluszcze	Tłuszcz kurczak	882	0	99.8	0.2	0	0	0	0	0	0	0	0	0	0	0	0	0	0	0	0	2014.65	0	4.029	0	0	0	0	0	0	0	0	0	0	26.84	0	\N
202f5cf0-2e9a-4dba-a770-6fbc57338232	Tluszcze	Tłuszcz wołowy	856	0.8	96.5	2.63	0	0	0	0	7	1	11	6	0	0.32	0	0.08	0	0	0	0	73.26	0	1.937	0	0	0	0	0	0	0	0	0	0	1.471	0	\N
04c195a2-2fe7-4442-b992-47d3a0082b4c	Tluszcze	Tłuszcz wołowy w proszku (Grau)	684.8	3	80	2.104	14	0	0	0	5.6	0.8	8.8	4.8	0	0.256	0	0.064	0	0	0	0	58.608	0	1.5496	0	0	0	0	0	0	0	0	0	0	1.1768	0	\N
a76e3e67-3317-40cb-a341-35ee974a800e	Suplementy	Fosforan dwuwapniowy (25,5/18)	0	0	0	0	0	0	0	25500	18000	0	0	0	0	0	0	0	0	0	0	0	0	0	0	0	0	0	0	0	0	0	0	0	0	0	0	\N
9df9d95a-7405-4b11-a084-383d88bdc1ad	Preparaty	easy B.a.r.F basic	0	5.2	0.6	0	0	0.2	0	0	0	1000	12800	0	0	300	116	20	28	5600	0	0	30300	3030	1010.22	0	46.5	36.4	326	90	32	1200	8400	303	0	0	0	Dodaj 10 g easy B.a.r.F na 1 kg mięsa
9fd6e710-f1cd-42eb-8050-c50bc1b37b5d	Preparaty	easy B.a.r.F plus	0	5.9	1	0	0	0.5	92	19000	3300	900	12300	0	0	232.9	89.9	15.6	21.8	4300	0	7764	23351.6	2335.2	784.038	0	36.4	28.2	252.7	69.5	25.2	933.3	6400	235.2	0	0	0	\N
7359bf0a-f9d9-48a6-afde-d77fe2396f6c	Preparaty	easy B.a.r.F sensitive	0	4.9	1	0	0	0.4	74.9	15800	0	600	12000	0	0	193.5	74.8	12.9	18.2	3600	0	6452	19688.6	1968.9	652.024	0	29.9	23.6	210.3	58.1	20.5	780.9	6000	195.2	0	0	0	\N
9fa66d4f-a736-418c-b007-aef0421bde13	Preparaty	Felini Complete	0	6.89	0.59	0	0	0	84.66	19300	3000	800	11000	0	0	240	90	16	22.4	4200	0	10000	79920	2000	819.5	0	32	16	130	72	24	1000	5200	165	0	0	0	Dodaj 12,5 g Felini Complete na 1 kg mięsa
20e4b2ea-55de-42c8-93d7-8c5634025bd2	Preparaty	Felini Renal	0	9	0.7	0	0	0	76	23500	0	800	8950	0	0	270	110	18	30	3200	0	13000	90000	2500	1007.24	0	38	30	150	60	23	1200	6000	135	0	0	0	\N
89d47457-6358-4fde-9402-1e2bd31e4500	Preparaty	Nekton Cat-VM	0	9.5	2	0	0	0.5	0	19400	4000	0	4000	0	0	50	18	5	0	2500	0	0	25000	840	387.4	0	40	25	292	68	20	344	6800	160	0	0	0	Dodaj 7 g Catfortan oraz 10,5 g Nekton Cat-M na 1 kg mięsa
e995d548-6b1c-4c32-8b05-caca24050543	Preparaty	Vitakalk	0	0	0	0	0	0	0	21000	8000	1000	6000	0	0	250	300	30	35	8000	500	0	25000	1000	149	1500	5	10	100	50	8	500	3000	100	100	0	0	Dodaj 12 g Vitakalk na 1 kg mięsa
5eadd542-07d2-4794-85b0-e7a229cf1e22	Warzywa	marchewka gotowana, bez soli	39	0.76	0.18	90.17	8.22	3	0	30	30	10	58	235	0	0.017	0.2	0.017	0.155	0	0.7	0	0	0	1.55	0	0.066	0.044	0.25	0.232	0.153	0	14	0	3.6	0	0	\N
4ca23735-2d55-410f-a2ec-922f20928799	Warzywa	pietruszka - korzeń, gotowana, bez soli	71	1.32	0.3	80.24	17.01	3	0	37	69	29	10	367	0	0.029	0.26	0.138	0.294	0	1.7	0	0	0	1.49	0	0.083	0.051	1.09	0.588	0.093	0	152	0	13	0	0	\N
bf0f0628-428c-4184-951f-00f26aacdc38	Warzywa	brokuły gotowane, bez soli	35	2.38	0.41	89.25	7.18	3.3	0	40	67	21	41	293	0	0.0335	0.45	0.061	0.194	0	1.6	0	0	0	2.16	0	0.063	0.123	0.54	0.616	0.2	0	50	0	64.9	0	0	\N
1ca6f18b-d9cd-442f-a753-1d5aa34c56be	Warzywa	szpinak gotowany, po odsączeniu, bez soli	23	2.97	0.26	91.21	3.75	2.4	0	136	56	87	70	466	0	0.1785	0.76	0.174	0.935	0	1.5	0	0	0	3.1	0	0.095	0.236	0.24	0.145	0.242	0	146	0	9.8	0	0	\N
6d88ac3e-77f2-4eaf-9f06-3378cab847cf	Warzywa	pomidor gotowany, bez soli	21	1.13	0.25	91.54	4.52	1.1	0	11	27	10	10	354	0	0.031	0.32	0.08	0.08	0	0.5	0	0	0	1.8	0	0.08	0.05	1.19	0.3	0.18	0	13	0	27	0	0	\N
a6a053b7-a479-4643-a839-6d061be91c98	Warzywa	burak gotowany, bez soli	44	1.88	0.11	87.08	9.9	1.6	0	41	16	17	51	326	0	0.084	0.57	0.1	0.44	0	0.7	0	0	0	0.5	0	0.02	0.05	0.4	0.15	0.05	0	80	0	7.4	0	0	\N
57c4dbe7-4cc4-4480-899f-44ffe67cc18e	Warzywa	dynia gotowana, bez soli	25	0.94	0.21	91.95	5.79	6.2	0	47	29	10	4	188	0	0.0285	0.27	0.11	0.03	0	0.2	0	0	0	1.53	0	0.03	0.09	0.34	0.2	0.08	0	9	0	4.2	0	0	\N
4eb27741-2904-44ab-acca-04cfea15d4f4	Warzywa	seler - korzeń, gotowany, bez soli	37	1.77	0.34	89	8.46	4.61	0	42	80	21	90	316	0	0.0265	0.6	0.05	0.21	0	1	0	0	0	0.54	0	0.05	0.1	0.89	0.2	0.28	0	22	0	7.15	0	0	\N
3d19b144-2e34-48ce-ae1a-03a5958175ca	Warzywa	ziemniak gotowany, bez skóry, bez soli	101	2.12	0.1	74.36	23.45	1.13	0	2	40	24	5	412	0	0.015	0.34	0.16	0.17	0	0.3	0	0	0	0.5	0	0.13	0.03	1.97	0.52	0.44	0	10	0	9.2	0	0	\N
3bc21963-141c-4a4d-93b8-a37d056e991c	Warzywa	mieszanka warzyw, bez ziemniaków, uśredniona	36.875	1.64375	0.2575	88.805	8.103750000000002	3.15125	0	48	46.75	25.625	41.75	318.125	0	0.05350000000000001	0.42875	0.09125000000000001	0.29225	0	0.9875	0	0	0	1.58375	0	0.06087500000000001	0.093	0.6174999999999999	0.3038750000000001	0.15975	0	60.75	0	17.13125	0	0	\N
19bebebf-0b1c-4457-bdcf-a6e272693e61	Mieso	Cielęcina karczek średniotłusty	128	19.56	5.53	73.85	0	0	0	11	213	25	78	337	68	2.03	2.63	0.113	0.028	0.2	0	40	3.33	0	0.37697	12	0.077	0.3	8.673	1.404	0.503	0	3	1	0	0.232	94	\N
46481fa7-fa6a-4c07-a38d-334dfb886720	Mieso	Cielęcina łopatka	106	19.9	2.8	76.2	0	0	0	11	199	15	87	395	0	2.9	2.06	0.25	0.03	2.2	0	0	99.9	12	0.507	0	0.14	0.4	6.1	0	0.14	0	5	1.3	0	0.15	40	\N
d3815a82-c753-4cdb-be32-e5ce67cfd5a1	Mieso	Indyk tuszka	142.25	19.325	6.249999999999999	73.375	0	0	0	9.75	211.5	22	67.5	291	64	1.025	2.05	0.06	0.04	4.166666666666667	13.5	0	22.21333333333333	25	0.2536333333333333	0	0.067	0.2075	6.525	0.72	0.4925	2	19.25	1.35	0	1.323333333333333	310	\N
8609f9b0-730a-4e7d-90cb-84ed147e965d	Mieso	Królik domowy tłuste mięso	146	19.3	7.62	71.98	0	0	0	14	213	25	45	330	51	1.57	1.4	0.15	0.026	0.6	0	0	9.99	0	0.596	0	0.11	0.066	7.27	0.8	0.3	1	5	10	0	0	109	\N
89cac014-3ef4-4c9d-93f3-2fdc7d32efac	Mieso	Przepiórka mięso ze skórą	175.1	22.38	9.5	67.02	0	0	0	15	180	31	46	280	60	3.97	2.7	0.507	0.016	0.4	0	0	243.09	0	1.043	0	0.14	0.18	9.95	0.66	0.67	2	7	0.5	0	0	0	\N
2b5c0d02-0412-48d9-aac9-cbdb4b940cf1	Mieso	Struś chude mięso	119	21.67	2.95	75.35	0	0	0	6	214	22	81	312	0	3.13	3.76	0.137	0.018	0	35.4	0	0	0	0.298	0	0.195	0.286	4.691	1.158	0.509	0	0	4.94	0	0	0	\N
8469fa43-0b43-4003-b8a9-03325464b7e9	Mieso	Wołowina karczek średniotłusty	160	19.03	9.31	70.67	0	0	0	4	197	17	45	295	55	2.05	5.47	0.058	0.02	0.1	0	36	9.99	0	0.7002999999999999	13	0.089	0.188	5.124	0.588	0.186	2	1	4	0	0.253	73	\N
6afb215e-302d-451b-b3ee-0d106d3bf118	Mieso	Cielęcina śledziona	94	18.3	2.2	78.15	0	0	0	6	272	17	97	326	120	9.32	1.61	0.13	0.07	0	61.7	0	299.7	0	0.149	0	0.13	0.37	8.2	1.2	0.11	6	8	5	0	0.16	16	\N
1e05baac-cbc5-4705-afa9-1e38aa8b257a	Mieso	Cielęcina serce	105	17.18	3.98	77.69	0.08	0	0	5	211	18	77	261	100	4.24	1.47	0.34	0.03	30	0	0	23.31	40	0.5662	0	0.52	1	6.5	2.78	0.29	7	2	11	5.4	0.079	13	http://www.nal.usda.gov/fnic/foodcomp/cgi-bin/list_nut_edit.pl
118f4c0c-860f-4fb5-bb32-ce2b417c7fdf	Suplementy	Wątroba jagnięca	136.7142857142857	20.46571428571429	5.112857142857143	70.66428571428571	2.301666666666667	0	0	6.142857142857143	393	18.85714285714286	72.42857142857143	300.5714285714286	101.5	7.297142857142857	4.31142857142857	8.166333333333332	0.286	5.2	37.48	0	64750.90571428571	20	1.115285714285714	0.3333333333333333	0.3357142857142857	3.677142857142857	15.63142857142857	7.372	0.5758571428571428	41	473.8571428571428	83.50714285714285	15.57142857142857	0	0	\N
37bc578f-062b-4001-8f33-dfa423dae831	Preparaty	PL	0	0	0	0	0	0	0	0	0	0	0	0	0	0	0	0	0	0	0	0	0	0	0	0	0	0	0	0	0	0	0	0	0	0	0	\N
a5642311-69bc-4d1f-b843-d1197d239fd5	Preparaty	Catfortan	0	38	4.5	0	0	1.7	0	4490	2200	250	0	2000	0	370	30	7.5	25	1200	50	1000	20000	1000	223.5	0	40	26	190	50	16	600	4000	100	100	0	0	Dodaj 7 g Catfortan oraz 10,5 g Nekton Cat-M na 1 kg mięsa. Bez Nektonu potrzeba 10g Catfortanu na 1 kg mięsa.
\.


--
-- Data for Name: MagazineStock; Type: TABLE DATA; Schema: public; Owner: barf_user
--

COPY public."MagazineStock" (id, "ingredientId", amount, "userId") FROM stdin;
3eb75498-11c3-4417-87e2-4b21856260f2	1e80312b-115b-4bad-b16a-a4d7b8f5a025	0	65013663-ee35-4933-97c9-cce3b592767c
ac823035-6df8-4005-9ccd-4b91af53ae53	f4942b3d-e548-4c1e-ad69-4a5ae62ac235	0	65013663-ee35-4933-97c9-cce3b592767c
3c1df1ea-0f9f-4b01-874a-c7a65391bec0	4b1326ff-16f0-4966-8dbd-42cbd8d6c411	0	65013663-ee35-4933-97c9-cce3b592767c
\.


--
-- Data for Name: Recipe; Type: TABLE DATA; Schema: public; Owner: barf_user
--

COPY public."Recipe" (id, name, "userId", "catWeight", "meatWeight", "totalWeight", "createdAt", "updatedAt") FROM stdin;
9c31db7a-0d76-42fc-ad06-de8f94b63076	Cwaniak i Hogan	65013663-ee35-4933-97c9-cce3b592767c	24	23000	50271.23469999999	2026-04-15 20:18:27.774	2026-04-15 20:18:27.774
44546e3a-d4e3-4edf-a6f6-8409086792f3	Cwaniak	65013663-ee35-4933-97c9-cce3b592767c	24	24000	51544.0680333333	2026-04-16 08:06:09.296	2026-04-16 08:06:09.296
b8ddbebf-82e4-4c12-8c1e-564cd36a1eaf	uuuu	65013663-ee35-4933-97c9-cce3b592767c	24	32000	53900.8	2026-04-17 06:08:10.845	2026-04-17 06:08:10.845
cc40742b-7a08-4a4e-9bea-d5ba91c2b443	Cwaniak	65013663-ee35-4933-97c9-cce3b592767c	24	30000	50850	2026-04-17 12:58:15.35	2026-04-17 12:58:15.35
96088af8-e179-4fed-9c54-db239b7467e4	Cwaniak	65013663-ee35-4933-97c9-cce3b592767c	24	30000	50850	2026-04-17 12:59:21.465	2026-04-17 12:59:21.465
b0408622-4e5d-4fd4-957f-20f63810f93c	Chujok	65013663-ee35-4933-97c9-cce3b592767c	24	26000	43731	2026-04-20 06:00:01.014	2026-04-20 06:00:01.014
bf4f954f-03d9-4060-8e68-054f4cd9fbc3	Chujok	65013663-ee35-4933-97c9-cce3b592767c	24	26000	43731	2026-04-20 06:07:30.894	2026-04-20 06:07:30.894
299f45ce-79f2-483d-b394-2240d00682b3	kkkkk	65013663-ee35-4933-97c9-cce3b592767c	10	27000	45765	2026-04-20 07:15:07.337	2026-04-20 07:15:07.337
\.


--
-- Data for Name: RecipeItem; Type: TABLE DATA; Schema: public; Owner: barf_user
--

COPY public."RecipeItem" (id, "recipeId", "ingredientId", amount) FROM stdin;
624cd694-81c2-4594-8c6b-7472f9476ab2	b0408622-4e5d-4fd4-957f-20f63810f93c	87dc888f-e3b6-43e7-972e-5ec1a6396351	10000
6ff9d6e0-a503-42f9-8369-7c67cbc2f454	b0408622-4e5d-4fd4-957f-20f63810f93c	9ec07626-dfb7-4328-8727-e80c29f4f374	10000
0388a762-b94b-4529-899b-bcb930147bf3	b0408622-4e5d-4fd4-957f-20f63810f93c	20025874-c7c9-496c-a793-3ee34b808b77	1500
c685e5d3-cac3-4e80-8e6a-cd89bdaee375	b0408622-4e5d-4fd4-957f-20f63810f93c	df01e6c2-e06b-4208-bb7b-197555dbeeae	1500
9889037b-c34e-420a-986e-929f85305744	b0408622-4e5d-4fd4-957f-20f63810f93c	015fa53d-68fc-4d8f-a27f-da9c887fe02b	3000
92f08815-5eeb-467c-821c-dc1406832556	b0408622-4e5d-4fd4-957f-20f63810f93c	066a8e69-7d4f-4486-b9d1-280302b3198c	481
51fe075c-6c42-4e89-95de-1e9fe0e62cab	b0408622-4e5d-4fd4-957f-20f63810f93c	e16d4fd4-814e-4bae-8f52-7c17d0208eb4	1191.34
4f606119-7f97-4ec7-841e-fb6c6cbc1f58	b0408622-4e5d-4fd4-957f-20f63810f93c	6361e854-ac1e-4343-8e79-84592c357747	54.83
09704ce7-2b1a-4790-87d3-9bdc0168b55f	b0408622-4e5d-4fd4-957f-20f63810f93c	b3ff9e8c-1ff9-42e0-9a0e-8729374995ec	29.22
373ffe9b-fbc0-4755-b2c3-a3c872105fef	b0408622-4e5d-4fd4-957f-20f63810f93c	fe426a2e-9cc0-49f0-8e5f-dcac4f089df0	499.56
1ff45190-a47f-43f8-ba12-cff438251845	b0408622-4e5d-4fd4-957f-20f63810f93c	4b1326ff-16f0-4966-8dbd-42cbd8d6c411	269.89
b0301593-0d02-41bd-aba0-c97b5c01c8de	b0408622-4e5d-4fd4-957f-20f63810f93c	bda2fb2b-f30a-422c-be7c-2f81bf1bc79e	29
b560180d-7efb-473e-a49e-74c9a6f74d85	b0408622-4e5d-4fd4-957f-20f63810f93c	8d21d8a4-3674-44fb-8adb-b723f2e28475	150.4
fa026c83-07f8-45c6-a00d-cdbad23fd8dc	b0408622-4e5d-4fd4-957f-20f63810f93c	7c9dac68-d8ae-4df0-82c4-2ce09fcf7e4d	103.44
42413b36-0bd3-4d4f-81fb-26bf5a3034ce	44546e3a-d4e3-4edf-a6f6-8409086792f3	8bca2dc7-c1f5-4d80-a066-97f8a5561e8e	18000
c9ae53e4-8dde-4dc7-8ec7-00997621be12	44546e3a-d4e3-4edf-a6f6-8409086792f3	20025874-c7c9-496c-a793-3ee34b808b77	1000
5aeb1c7e-e437-4ea0-be32-addf14adb11b	44546e3a-d4e3-4edf-a6f6-8409086792f3	df01e6c2-e06b-4208-bb7b-197555dbeeae	1000
b3561fee-1882-47ac-a43d-dbca49855f6b	44546e3a-d4e3-4edf-a6f6-8409086792f3	015fa53d-68fc-4d8f-a27f-da9c887fe02b	4000
cade9388-1c8e-4675-8986-10d28fa4e3c6	44546e3a-d4e3-4edf-a6f6-8409086792f3	066a8e69-7d4f-4486-b9d1-280302b3198c	425.5
582b3c7f-4c54-4741-aa97-d30c1bb00916	44546e3a-d4e3-4edf-a6f6-8409086792f3	e16d4fd4-814e-4bae-8f52-7c17d0208eb4	1267.32
30ce1e0f-8e42-41ee-a49e-7583d53a8786	44546e3a-d4e3-4edf-a6f6-8409086792f3	6361e854-ac1e-4343-8e79-84592c357747	26.35
5018e117-a089-4de6-b347-d82df5bf28e5	44546e3a-d4e3-4edf-a6f6-8409086792f3	b3ff9e8c-1ff9-42e0-9a0e-8729374995ec	27.26
5a00ee2c-c7ac-4227-988a-17291b21f819	44546e3a-d4e3-4edf-a6f6-8409086792f3	fe426a2e-9cc0-49f0-8e5f-dcac4f089df0	61.3
a89b69bc-8f4c-47b2-bae7-2c2e2f587c89	44546e3a-d4e3-4edf-a6f6-8409086792f3	4b1326ff-16f0-4966-8dbd-42cbd8d6c411	439.92
2af526b0-a923-43b4-9f93-92b1171264c5	44546e3a-d4e3-4edf-a6f6-8409086792f3	bda2fb2b-f30a-422c-be7c-2f81bf1bc79e	28
d779d327-9f71-44ae-a973-58291368b03d	44546e3a-d4e3-4edf-a6f6-8409086792f3	8d21d8a4-3674-44fb-8adb-b723f2e28475	84.22
a16ab22e-772c-41e1-8b07-7c22f15df4a6	44546e3a-d4e3-4edf-a6f6-8409086792f3	7c9dac68-d8ae-4df0-82c4-2ce09fcf7e4d	106.28
f9e4d2d8-b701-4f0a-a0ac-5d814206506b	44546e3a-d4e3-4edf-a6f6-8409086792f3	5eadd542-07d2-4794-85b0-e7a229cf1e22	1200
5d07f533-ea98-4cd1-a044-5095e449fb27	44546e3a-d4e3-4edf-a6f6-8409086792f3	6bdbf1ae-211d-4e8b-bee3-ad53d6bc95f5	48.94
585475ae-dd24-44bf-8181-ec95e94d708e	96088af8-e179-4fed-9c54-db239b7467e4	87dc888f-e3b6-43e7-972e-5ec1a6396351	19000
fb415e3c-bb73-478f-a47f-fe5c427c9b6f	96088af8-e179-4fed-9c54-db239b7467e4	9ec07626-dfb7-4328-8727-e80c29f4f374	5000
f6adf94a-44b3-4777-8a59-4ea3e50e5ebf	96088af8-e179-4fed-9c54-db239b7467e4	20025874-c7c9-496c-a793-3ee34b808b77	1500
c8ece403-30b9-4897-a395-336b105e5803	96088af8-e179-4fed-9c54-db239b7467e4	df01e6c2-e06b-4208-bb7b-197555dbeeae	1500
39fea812-e066-456f-9ad3-8ba4327a0402	96088af8-e179-4fed-9c54-db239b7467e4	015fa53d-68fc-4d8f-a27f-da9c887fe02b	3000
020025f2-09cc-4eaa-8153-cdc53ec2085b	96088af8-e179-4fed-9c54-db239b7467e4	066a8e69-7d4f-4486-b9d1-280302b3198c	555
fcd24dd5-96ff-4883-a4a9-83273fc9a25d	96088af8-e179-4fed-9c54-db239b7467e4	e16d4fd4-814e-4bae-8f52-7c17d0208eb4	1637.81
80ea66cd-9bc7-47c4-8a5b-424e4ec0509c	96088af8-e179-4fed-9c54-db239b7467e4	6361e854-ac1e-4343-8e79-84592c357747	62.99
2a9dc78b-aa66-4731-b31d-2484e8778e23	96088af8-e179-4fed-9c54-db239b7467e4	b3ff9e8c-1ff9-42e0-9a0e-8729374995ec	33.65
46d12f3d-0f8d-405d-ba93-dd0f66b2276b	96088af8-e179-4fed-9c54-db239b7467e4	fe426a2e-9cc0-49f0-8e5f-dcac4f089df0	90
2c0488d4-16a4-4049-8ef1-64c13b834695	96088af8-e179-4fed-9c54-db239b7467e4	4b1326ff-16f0-4966-8dbd-42cbd8d6c411	400
14ad4b22-a4b3-4c24-9456-502a33e3ebd5	96088af8-e179-4fed-9c54-db239b7467e4	bda2fb2b-f30a-422c-be7c-2f81bf1bc79e	34
ab60225f-f7a3-4540-83b4-b089c6459f86	96088af8-e179-4fed-9c54-db239b7467e4	8d21d8a4-3674-44fb-8adb-b723f2e28475	171.07
ab494763-2c0d-4a2f-86b4-c087a47459b9	96088af8-e179-4fed-9c54-db239b7467e4	7c9dac68-d8ae-4df0-82c4-2ce09fcf7e4d	140.63
d90c61d8-c138-4d78-af47-a639bea5360f	96088af8-e179-4fed-9c54-db239b7467e4	6bdbf1ae-211d-4e8b-bee3-ad53d6bc95f5	65.63
ef9f4604-025f-4c90-a52c-46944ea889f0	b0408622-4e5d-4fd4-957f-20f63810f93c	5eadd542-07d2-4794-85b0-e7a229cf1e22	2600
9074dedb-74cc-47a3-979e-865032597d5a	b0408622-4e5d-4fd4-957f-20f63810f93c	6bdbf1ae-211d-4e8b-bee3-ad53d6bc95f5	62.83
00e58f6c-53c6-44ad-a9a5-2bc0b7da4b48	bf4f954f-03d9-4060-8e68-054f4cd9fbc3	87dc888f-e3b6-43e7-972e-5ec1a6396351	10000
ac374713-cea3-4944-9f30-35587ee6d5b9	bf4f954f-03d9-4060-8e68-054f4cd9fbc3	9ec07626-dfb7-4328-8727-e80c29f4f374	10000
7e1f257a-0b8c-48ff-81a0-19f284a6305a	bf4f954f-03d9-4060-8e68-054f4cd9fbc3	20025874-c7c9-496c-a793-3ee34b808b77	1500
655410cf-8fce-48a5-9615-023bc3bc7a45	bf4f954f-03d9-4060-8e68-054f4cd9fbc3	df01e6c2-e06b-4208-bb7b-197555dbeeae	1500
853701e9-926d-4da9-b266-69f7a98d03c7	bf4f954f-03d9-4060-8e68-054f4cd9fbc3	015fa53d-68fc-4d8f-a27f-da9c887fe02b	3000
13d48f9c-af23-4ef1-a8c8-6dd7f3004062	bf4f954f-03d9-4060-8e68-054f4cd9fbc3	066a8e69-7d4f-4486-b9d1-280302b3198c	481
bae6508b-7e99-4309-804d-fe5194b4d5cc	bf4f954f-03d9-4060-8e68-054f4cd9fbc3	e16d4fd4-814e-4bae-8f52-7c17d0208eb4	1191.34
4f376217-6a5c-4ee9-a15d-306edcc6bc6a	bf4f954f-03d9-4060-8e68-054f4cd9fbc3	6361e854-ac1e-4343-8e79-84592c357747	54.83
5f9af63c-c6af-4ad5-8b5a-13aa6e58576f	bf4f954f-03d9-4060-8e68-054f4cd9fbc3	b3ff9e8c-1ff9-42e0-9a0e-8729374995ec	29.22
b1878959-dcf8-4d39-b7e3-2614106fb971	bf4f954f-03d9-4060-8e68-054f4cd9fbc3	fe426a2e-9cc0-49f0-8e5f-dcac4f089df0	499.56
04827bb5-7069-4e0a-9ae8-2e1d17841e89	bf4f954f-03d9-4060-8e68-054f4cd9fbc3	4b1326ff-16f0-4966-8dbd-42cbd8d6c411	269.89
583ba3ed-6693-4b99-9c03-96f19fe7a14c	bf4f954f-03d9-4060-8e68-054f4cd9fbc3	bda2fb2b-f30a-422c-be7c-2f81bf1bc79e	29
306fc1de-ee18-45b7-bcbf-faa7cae3436e	bf4f954f-03d9-4060-8e68-054f4cd9fbc3	8d21d8a4-3674-44fb-8adb-b723f2e28475	150.4
1900d408-7ab5-44c7-b808-7c379123c951	bf4f954f-03d9-4060-8e68-054f4cd9fbc3	7c9dac68-d8ae-4df0-82c4-2ce09fcf7e4d	103.44
26b94e05-29b6-4f93-8963-4e025677b7ec	b8ddbebf-82e4-4c12-8c1e-564cd36a1eaf	87dc888f-e3b6-43e7-972e-5ec1a6396351	10000
9661a386-f4d0-497a-b2dd-eb52adb93717	b8ddbebf-82e4-4c12-8c1e-564cd36a1eaf	8bca2dc7-c1f5-4d80-a066-97f8a5561e8e	10000
8efcfc0e-111c-430b-b5d3-5689494a1d06	b8ddbebf-82e4-4c12-8c1e-564cd36a1eaf	a983ebe2-c73f-4c74-9227-e3711e42053d	5000
18f2f40e-87a9-4ef6-bba6-8f3b43ff7fce	b8ddbebf-82e4-4c12-8c1e-564cd36a1eaf	20025874-c7c9-496c-a793-3ee34b808b77	1500
b3580316-a158-4a4b-a7e3-a8ad5592f9fb	b8ddbebf-82e4-4c12-8c1e-564cd36a1eaf	df01e6c2-e06b-4208-bb7b-197555dbeeae	1500
f7958066-8f6b-4c47-af3f-706f7c667664	b8ddbebf-82e4-4c12-8c1e-564cd36a1eaf	015fa53d-68fc-4d8f-a27f-da9c887fe02b	4000
d4aac441-fe12-4820-8689-2e825bb03a1a	b8ddbebf-82e4-4c12-8c1e-564cd36a1eaf	066a8e69-7d4f-4486-b9d1-280302b3198c	462.5
f9d25081-faec-4aa8-bcbf-273690ad3ef3	b8ddbebf-82e4-4c12-8c1e-564cd36a1eaf	e16d4fd4-814e-4bae-8f52-7c17d0208eb4	1747.2
0dd83fc7-1867-4796-b11d-f5a057325e55	b8ddbebf-82e4-4c12-8c1e-564cd36a1eaf	90918e28-9d07-4873-96f8-327e382618fb	55.8
97845ff0-8dfb-4e5a-8d22-f911048f1084	b8ddbebf-82e4-4c12-8c1e-564cd36a1eaf	b3ff9e8c-1ff9-42e0-9a0e-8729374995ec	36.47
ee9232da-3959-40a7-b810-f370be008c13	b8ddbebf-82e4-4c12-8c1e-564cd36a1eaf	fe426a2e-9cc0-49f0-8e5f-dcac4f089df0	96
344319d1-22bf-42d5-b20b-1878736fc415	b8ddbebf-82e4-4c12-8c1e-564cd36a1eaf	bda2fb2b-f30a-422c-be7c-2f81bf1bc79e	36.5
ab218db2-e763-416e-8df9-5234d9530bda	b8ddbebf-82e4-4c12-8c1e-564cd36a1eaf	8d21d8a4-3674-44fb-8adb-b723f2e28475	151.88
904004a3-95c4-4ff9-a157-0aa72d45aaf0	b8ddbebf-82e4-4c12-8c1e-564cd36a1eaf	7c9dac68-d8ae-4df0-82c4-2ce09fcf7e4d	149.76
38e8123e-f209-42e5-a1db-e3483ba00b9e	b8ddbebf-82e4-4c12-8c1e-564cd36a1eaf	5eadd542-07d2-4794-85b0-e7a229cf1e22	1600
3c7dee41-e016-4e32-8f14-b1bb316ca5ce	b8ddbebf-82e4-4c12-8c1e-564cd36a1eaf	6bdbf1ae-211d-4e8b-bee3-ad53d6bc95f5	70
67e004ae-a54b-492c-b0b8-c51e587499b3	bf4f954f-03d9-4060-8e68-054f4cd9fbc3	5eadd542-07d2-4794-85b0-e7a229cf1e22	2600
5b2f0bbd-aa59-405e-b15a-f1ecd4e7c636	bf4f954f-03d9-4060-8e68-054f4cd9fbc3	6bdbf1ae-211d-4e8b-bee3-ad53d6bc95f5	62.83
c48ca1f0-6915-4be8-bb9b-a26db48b2adb	9c31db7a-0d76-42fc-ad06-de8f94b63076	8bca2dc7-c1f5-4d80-a066-97f8a5561e8e	18000
4d2fd5c7-bea7-465f-8b8c-9de81acc5025	9c31db7a-0d76-42fc-ad06-de8f94b63076	20025874-c7c9-496c-a793-3ee34b808b77	1000
e7e8cdce-df09-407e-b67d-19a1a5a102ec	9c31db7a-0d76-42fc-ad06-de8f94b63076	df01e6c2-e06b-4208-bb7b-197555dbeeae	1000
28acb125-318f-4ada-a7f4-2a76d9e927da	9c31db7a-0d76-42fc-ad06-de8f94b63076	015fa53d-68fc-4d8f-a27f-da9c887fe02b	3000
9e93fced-5d87-4877-bb96-c7914586f396	9c31db7a-0d76-42fc-ad06-de8f94b63076	066a8e69-7d4f-4486-b9d1-280302b3198c	425.5
3d50f1c1-368d-4b1d-8b52-2175cf3d0494	9c31db7a-0d76-42fc-ad06-de8f94b63076	e16d4fd4-814e-4bae-8f52-7c17d0208eb4	1182.6
d9719b5d-007c-4786-bc3b-6761b5598fd9	9c31db7a-0d76-42fc-ad06-de8f94b63076	6361e854-ac1e-4343-8e79-84592c357747	25.52
134949f7-eeb4-496e-9de3-6dbffa59bf2d	9c31db7a-0d76-42fc-ad06-de8f94b63076	b3ff9e8c-1ff9-42e0-9a0e-8729374995ec	26.3
6810d9b0-0a04-41bf-856a-5a65f447f89d	9c31db7a-0d76-42fc-ad06-de8f94b63076	4b1326ff-16f0-4966-8dbd-42cbd8d6c411	476.67
0bef974e-3959-4385-843e-56f3f6c53b43	9c31db7a-0d76-42fc-ad06-de8f94b63076	bda2fb2b-f30a-422c-be7c-2f81bf1bc79e	27
cf1a4e51-39da-4ef6-9996-ba72764d9df8	9c31db7a-0d76-42fc-ad06-de8f94b63076	8d21d8a4-3674-44fb-8adb-b723f2e28475	143.13
bd2ff576-dd19-457b-8373-719a04924054	9c31db7a-0d76-42fc-ad06-de8f94b63076	7c9dac68-d8ae-4df0-82c4-2ce09fcf7e4d	105.54
16f84350-c691-49fd-972c-8a945b924ef9	9c31db7a-0d76-42fc-ad06-de8f94b63076	5eadd542-07d2-4794-85b0-e7a229cf1e22	1150
6eb76045-e19b-43a8-a971-c601d4ab604a	9c31db7a-0d76-42fc-ad06-de8f94b63076	6bdbf1ae-211d-4e8b-bee3-ad53d6bc95f5	46.52
62618e73-7aed-402d-a39a-622c01fe54d9	cc40742b-7a08-4a4e-9bea-d5ba91c2b443	87dc888f-e3b6-43e7-972e-5ec1a6396351	19000
fe2e2fd2-73d2-41a7-813b-d49961b7a56e	cc40742b-7a08-4a4e-9bea-d5ba91c2b443	9ec07626-dfb7-4328-8727-e80c29f4f374	5000
ec289ed4-badb-4d2c-9640-1d7e540a3950	cc40742b-7a08-4a4e-9bea-d5ba91c2b443	20025874-c7c9-496c-a793-3ee34b808b77	1500
653f167b-995c-4b59-b10c-56bfbc6d16a5	cc40742b-7a08-4a4e-9bea-d5ba91c2b443	df01e6c2-e06b-4208-bb7b-197555dbeeae	1500
fbe47c78-e3cb-4763-890a-7288aafffefa	cc40742b-7a08-4a4e-9bea-d5ba91c2b443	015fa53d-68fc-4d8f-a27f-da9c887fe02b	3000
6ecc5fd4-16a8-4728-9cef-a867bda56dc3	cc40742b-7a08-4a4e-9bea-d5ba91c2b443	066a8e69-7d4f-4486-b9d1-280302b3198c	555
b9dd6ac7-6664-4d9a-84ea-6a97ea250ced	cc40742b-7a08-4a4e-9bea-d5ba91c2b443	e16d4fd4-814e-4bae-8f52-7c17d0208eb4	1637.81
6f9b1d74-1551-43ed-92fd-e4af4a41c500	cc40742b-7a08-4a4e-9bea-d5ba91c2b443	6361e854-ac1e-4343-8e79-84592c357747	62.99
d151531c-e1f8-4793-b2e8-8262731ed8ca	cc40742b-7a08-4a4e-9bea-d5ba91c2b443	b3ff9e8c-1ff9-42e0-9a0e-8729374995ec	33.65
f2cd4dc4-5878-43ee-aa1d-7fd3bfde1503	cc40742b-7a08-4a4e-9bea-d5ba91c2b443	fe426a2e-9cc0-49f0-8e5f-dcac4f089df0	90
d8153b91-d602-4653-a468-7c2e7a94f029	cc40742b-7a08-4a4e-9bea-d5ba91c2b443	4b1326ff-16f0-4966-8dbd-42cbd8d6c411	400
2a4ea890-e5ed-414f-a0ec-414ea52bbcc6	cc40742b-7a08-4a4e-9bea-d5ba91c2b443	bda2fb2b-f30a-422c-be7c-2f81bf1bc79e	34
23277f8d-e26b-4a92-bc7c-06303ad6acbd	cc40742b-7a08-4a4e-9bea-d5ba91c2b443	8d21d8a4-3674-44fb-8adb-b723f2e28475	171.07
636188ae-dfe8-4556-ab2f-026353bdc6f9	cc40742b-7a08-4a4e-9bea-d5ba91c2b443	7c9dac68-d8ae-4df0-82c4-2ce09fcf7e4d	140.63
e69d8f25-5c63-4df9-8815-7a71a094a78d	cc40742b-7a08-4a4e-9bea-d5ba91c2b443	6bdbf1ae-211d-4e8b-bee3-ad53d6bc95f5	65.63
e4417d38-4402-4e6d-b7da-d98cb2ac455a	299f45ce-79f2-483d-b394-2240d00682b3	87dc888f-e3b6-43e7-972e-5ec1a6396351	10000
89f42f85-c396-4edf-8545-69f0749862fe	299f45ce-79f2-483d-b394-2240d00682b3	741037a3-b25b-4531-821a-8f096dae8487	10000
47d722a3-fbea-4a33-834f-9b7ac534906a	299f45ce-79f2-483d-b394-2240d00682b3	20025874-c7c9-496c-a793-3ee34b808b77	1500
65cade63-c26b-4a61-b946-f7d9b90f59b1	299f45ce-79f2-483d-b394-2240d00682b3	df01e6c2-e06b-4208-bb7b-197555dbeeae	1500
78f6ad2f-593b-4c2d-884e-3327ec6f811f	299f45ce-79f2-483d-b394-2240d00682b3	015fa53d-68fc-4d8f-a27f-da9c887fe02b	4000
86c66a27-2cca-4dd1-9dde-0d670d8f434f	299f45ce-79f2-483d-b394-2240d00682b3	066a8e69-7d4f-4486-b9d1-280302b3198c	499.5
d9d03882-14d2-485f-8d9a-11929d9e02f8	299f45ce-79f2-483d-b394-2240d00682b3	e16d4fd4-814e-4bae-8f52-7c17d0208eb4	1462.17
56eb0c48-d050-401a-b3bb-202bb5194cd0	299f45ce-79f2-483d-b394-2240d00682b3	6361e854-ac1e-4343-8e79-84592c357747	36.3
0b5858f3-286f-4206-be01-b6129f12e4f2	299f45ce-79f2-483d-b394-2240d00682b3	fe426a2e-9cc0-49f0-8e5f-dcac4f089df0	81
402263a8-9254-4b50-abb8-11aae17e5072	299f45ce-79f2-483d-b394-2240d00682b3	4b1326ff-16f0-4966-8dbd-42cbd8d6c411	414.21
d80ae20f-2c88-4050-ad14-06fe94038f45	299f45ce-79f2-483d-b394-2240d00682b3	bda2fb2b-f30a-422c-be7c-2f81bf1bc79e	30.5
ed0c62a6-b353-4094-9f9d-809e81e72ce7	299f45ce-79f2-483d-b394-2240d00682b3	8d21d8a4-3674-44fb-8adb-b723f2e28475	129.86
27c77522-4255-47b1-b98c-c5c9be8fedf7	299f45ce-79f2-483d-b394-2240d00682b3	7c9dac68-d8ae-4df0-82c4-2ce09fcf7e4d	114.71
723be21e-3095-46f1-b3c2-ae424880ec34	299f45ce-79f2-483d-b394-2240d00682b3	6bdbf1ae-211d-4e8b-bee3-ad53d6bc95f5	65.26
\.


--
-- Data for Name: Settings; Type: TABLE DATA; Schema: public; Owner: barf_user
--

COPY public."Settings" (id, "landingVariant") FROM stdin;
1	zen
\.


--
-- Data for Name: User; Type: TABLE DATA; Schema: public; Owner: barf_user
--

COPY public."User" (id, email, password, "acceptedPrivacyAt", "acceptedTermsAt", "createdAt") FROM stdin;
65013663-ee35-4933-97c9-cce3b592767c	sebretu33@gmail.com	$2b$10$dHnIU8vNQ1vVufvaRZ8ww.scwveVujIk3r.MWzVKbRG6.JTkzDr4O	\N	\N	2026-04-21 05:40:12.828
33556b53-aaaf-44a4-8708-679c6337ec3e	bartek@demo.pl	$2b$10$MsXPyup3IAy3botZfuBc8eFjdl5vixh3Cnqyh2bc0cFRckEdz.b7K	\N	\N	2026-04-21 05:40:12.828
7c7808ba-b2b2-48c9-bfb6-dd019f2c8b2c	test@demo.pl	$2b$10$uuIyzcHWUen4dcaWOTT43uQJNmow5nl38mEPoQ2dckE555KDhX4sG	2026-04-20 09:46:30.491	2026-04-20 09:46:30.491	2026-04-21 05:40:12.828
acf0a02b-6eac-4443-b55f-80f28ae2a8a8	test2@demo.pl	$2b$10$2n5HFCpIBWMcDrEnOTa3de5unca3crjbkh.BDIca3BRIleYTwG.KS	2026-04-21 07:32:57.657	2026-04-21 07:32:57.657	2026-04-21 07:32:57.657
\.


--
-- Name: Cat Cat_pkey; Type: CONSTRAINT; Schema: public; Owner: barf_user
--

ALTER TABLE ONLY public."Cat"
    ADD CONSTRAINT "Cat_pkey" PRIMARY KEY (id);


--
-- Name: Ingredient Ingredient_pkey; Type: CONSTRAINT; Schema: public; Owner: barf_user
--

ALTER TABLE ONLY public."Ingredient"
    ADD CONSTRAINT "Ingredient_pkey" PRIMARY KEY (id);


--
-- Name: MagazineStock MagazineStock_pkey; Type: CONSTRAINT; Schema: public; Owner: barf_user
--

ALTER TABLE ONLY public."MagazineStock"
    ADD CONSTRAINT "MagazineStock_pkey" PRIMARY KEY (id);


--
-- Name: RecipeItem RecipeItem_pkey; Type: CONSTRAINT; Schema: public; Owner: barf_user
--

ALTER TABLE ONLY public."RecipeItem"
    ADD CONSTRAINT "RecipeItem_pkey" PRIMARY KEY (id);


--
-- Name: Recipe Recipe_pkey; Type: CONSTRAINT; Schema: public; Owner: barf_user
--

ALTER TABLE ONLY public."Recipe"
    ADD CONSTRAINT "Recipe_pkey" PRIMARY KEY (id);


--
-- Name: Settings Settings_pkey; Type: CONSTRAINT; Schema: public; Owner: barf_user
--

ALTER TABLE ONLY public."Settings"
    ADD CONSTRAINT "Settings_pkey" PRIMARY KEY (id);


--
-- Name: User User_pkey; Type: CONSTRAINT; Schema: public; Owner: barf_user
--

ALTER TABLE ONLY public."User"
    ADD CONSTRAINT "User_pkey" PRIMARY KEY (id);


--
-- Name: Ingredient_name_key; Type: INDEX; Schema: public; Owner: barf_user
--

CREATE UNIQUE INDEX "Ingredient_name_key" ON public."Ingredient" USING btree (name);


--
-- Name: MagazineStock_ingredientId_key; Type: INDEX; Schema: public; Owner: barf_user
--

CREATE UNIQUE INDEX "MagazineStock_ingredientId_key" ON public."MagazineStock" USING btree ("ingredientId");


--
-- Name: MagazineStock_ingredientId_userId_key; Type: INDEX; Schema: public; Owner: barf_user
--

CREATE UNIQUE INDEX "MagazineStock_ingredientId_userId_key" ON public."MagazineStock" USING btree ("ingredientId", "userId");


--
-- Name: User_email_key; Type: INDEX; Schema: public; Owner: barf_user
--

CREATE UNIQUE INDEX "User_email_key" ON public."User" USING btree (email);


--
-- Name: MagazineStock MagazineStock_ingredientId_fkey; Type: FK CONSTRAINT; Schema: public; Owner: barf_user
--

ALTER TABLE ONLY public."MagazineStock"
    ADD CONSTRAINT "MagazineStock_ingredientId_fkey" FOREIGN KEY ("ingredientId") REFERENCES public."Ingredient"(id) ON UPDATE CASCADE ON DELETE RESTRICT;


--
-- Name: MagazineStock MagazineStock_userId_fkey; Type: FK CONSTRAINT; Schema: public; Owner: barf_user
--

ALTER TABLE ONLY public."MagazineStock"
    ADD CONSTRAINT "MagazineStock_userId_fkey" FOREIGN KEY ("userId") REFERENCES public."User"(id) ON UPDATE CASCADE ON DELETE RESTRICT;


--
-- Name: RecipeItem RecipeItem_ingredientId_fkey; Type: FK CONSTRAINT; Schema: public; Owner: barf_user
--

ALTER TABLE ONLY public."RecipeItem"
    ADD CONSTRAINT "RecipeItem_ingredientId_fkey" FOREIGN KEY ("ingredientId") REFERENCES public."Ingredient"(id) ON UPDATE CASCADE ON DELETE RESTRICT;


--
-- Name: RecipeItem RecipeItem_recipeId_fkey; Type: FK CONSTRAINT; Schema: public; Owner: barf_user
--

ALTER TABLE ONLY public."RecipeItem"
    ADD CONSTRAINT "RecipeItem_recipeId_fkey" FOREIGN KEY ("recipeId") REFERENCES public."Recipe"(id) ON UPDATE CASCADE ON DELETE CASCADE;


--
-- Name: Recipe Recipe_userId_fkey; Type: FK CONSTRAINT; Schema: public; Owner: barf_user
--

ALTER TABLE ONLY public."Recipe"
    ADD CONSTRAINT "Recipe_userId_fkey" FOREIGN KEY ("userId") REFERENCES public."User"(id) ON UPDATE CASCADE ON DELETE RESTRICT;


--
-- Name: SCHEMA public; Type: ACL; Schema: -; Owner: barf_user
--

REVOKE USAGE ON SCHEMA public FROM PUBLIC;


--
-- PostgreSQL database dump complete
--

\unrestrict 7XfF3V1LQW0agshN146vaX96pBaKTdqjdeBV9PjeIbs6dEQCCmTgbiWt3UCMOx3

